Tempo_Decorrido_em_Dias,Indice_de_Desperdicio,Pre√ßo_unidade,Numero_Incial_de_Lazies,Numero_Inicial_de_Normals,Numero_Incial_de_Renders,Tipo_de_Cliente,Tempo_Maximo_de_Espera,Tempo_de_Espera,Quantidade_Encomendada,Recebida
3.0,0.07,2.0,0,1,3,NORMAL,6000,2751,106,sim
4.0,0.07,2.0,0,1,3,PATIENT,12000,4275,156,sim
5.0,0.07,2.0,0,1,3,NOPATIENT,11000,4365,275,sim
7.0,0.07,2.0,0,1,3,NOPATIENT,18000,6325,452,sim
7.0,0.07,2.0,0,1,3,NORMAL,7000,6362,125,sim
7.0,0.07,2.0,0,1,3,NOPATIENT,19000,6739,484,sim
10.0,0.07,2.0,0,1,3,NORMAL,10000,9307,177,sim
10.0,0.07,2.0,0,1,3,NOPATIENT,27000,9761,701,sim
11.0,0.07,2.0,0,1,3,NORMAL,18000,10765,337,sim
11.0,0.07,2.0,0,1,3,NOPATIENT,11000,11004,277,nao
12.0,0.07,2.0,0,1,3,NOPATIENT,35000,11749,921,sim
14.0,0.07,2.0,0,1,3,NORMAL,16000,13298,300,sim
18.0,0.07,2.0,0,1,3,PATIENT,20000,17780,262,sim
20.0,0.07,2.0,0,1,3,NORMAL,49000,19744,946,sim
22.0,0.07,2.0,0,1,3,NORMAL,23000,21251,439,sim
23.0,0.07,2.0,0,1,3,NORMAL,50000,22764,969,sim
25.0,0.07,2.0,0,1,3,NOPATIENT,38000,24691,982,sim
26.0,0.07,2.0,0,1,3,PATIENT,30000,25689,405,sim
31.0,0.07,2.0,0,1,3,PATIENT,43000,30696,573,sim
37.0,0.07,2.0,0,1,3,NORMAL,45000,36670,861,sim
37.0,0.07,2.0,0,1,3,NORMAL,42000,36810,816,sim
39.0,0.07,2.0,0,1,3,NORMAL,51000,38677,984,sim
48.0,0.07,2.0,0,1,3,PATIENT,60000,47683,812,sim
59.0,0.07,2.0,0,1,3,PATIENT,61000,58693,822,sim
59.0,0.07,2.0,0,1,3,PATIENT,70000,58836,946,sim
3.0,0.07,2.0,0,2,0,NOPATIENT,5000,2599,115,sim
3.0,0.07,2.0,0,2,0,PATIENT,9000,2673,112,sim
3.0,0.07,2.0,0,2,0,NOPATIENT,8000,3288,190,sim
6.0,0.07,2.0,0,2,0,NOPATIENT,13000,5402,319,sim
6.0,0.07,2.0,0,2,0,NORMAL,6000,6003,104,nao
8.0,0.07,2.0,0,2,0,NOPATIENT,19000,7363,496,sim
8.0,0.07,2.0,0,2,0,NOPATIENT,18000,7464,463,sim
9.0,0.07,2.0,0,2,0,PATIENT,14000,8387,183,sim
9.0,0.07,2.0,0,2,0,NORMAL,18000,8754,352,sim
10.0,0.07,2.0,0,2,0,NOPATIENT,24000,9421,624,sim
12.0,0.07,2.0,0,2,0,NORMAL,33000,12294,642,sim
14.0,0.07,2.0,0,2,0,NOPATIENT,17000,13366,448,sim
14.0,0.07,2.0,0,2,0,NORMAL,16000,13415,307,sim
16.0,0.07,2.0,0,2,0,NORMAL,24000,15389,468,sim
17.0,0.07,2.0,0,2,0,NORMAL,19000,17295,368,sim
18.0,0.07,2.0,0,2,0,PATIENT,21000,17345,277,sim
18.0,0.07,2.0,0,2,0,NORMAL,33000,17695,633,sim
20.0,0.07,2.0,0,2,0,PATIENT,21000,19376,283,sim
25.0,0.07,2.0,0,2,0,NORMAL,25000,24343,486,sim
26.0,0.07,2.0,0,2,0,NOPATIENT,27000,25732,703,sim
28.0,0.07,2.0,0,2,0,PATIENT,58000,28298,781,sim
39.0,0.07,2.0,0,2,0,PATIENT,57000,39283,775,sim
41.0,0.07,2.0,0,2,0,NORMAL,51000,40713,982,sim
48.0,0.07,2.0,0,2,0,PATIENT,68000,47737,924,sim
3.0,0.07,2.0,0,2,0,NOPATIENT,5000,2253,130,sim
3.0,0.07,2.0,0,2,0,NORMAL,6000,2801,108,sim
4.0,0.07,2.0,0,2,0,NORMAL,11000,3442,200,sim
6.0,0.07,2.0,0,2,0,NORMAL,13000,5791,240,sim
7.0,0.07,2.0,0,2,0,PATIENT,17000,6342,222,sim
8.0,0.07,2.0,0,2,0,NOPATIENT,21000,7301,536,sim
9.0,0.07,2.0,0,2,0,PATIENT,29000,8259,395,sim
9.0,0.07,2.0,0,2,0,PATIENT,28000,9166,378,sim
11.0,0.07,2.0,0,2,0,PATIENT,16000,10296,212,sim
11.0,0.07,2.0,0,2,0,NORMAL,15000,10428,285,sim
11.0,0.07,2.0,0,2,0,NOPATIENT,13000,10680,331,sim
14.0,0.07,2.0,0,2,0,PATIENT,23000,13791,302,sim
17.0,0.07,2.0,0,2,0,NOPATIENT,22000,16254,571,sim
18.0,0.07,2.0,0,2,0,NORMAL,28000,17299,537,sim
21.0,0.07,2.0,0,2,0,NOPATIENT,9000,6062,216,sim
21.0,0.07,2.0,0,2,0,NOPATIENT,9000,6071,219,sim
21.0,0.07,2.0,0,2,0,NORMAL,8000,6096,155,sim
22.0,0.07,2.0,0,2,0,PATIENT,26000,21703,341,sim
24.0,0.07,2.0,0,2,0,NORMAL,29000,23660,554,sim
26.0,0.07,2.0,0,2,0,NOPATIENT,31000,10554,795,sim
27.0,0.07,2.0,0,2,0,NOPATIENT,30000,27188,770,sim
28.0,0.07,2.0,0,2,0,NOPATIENT,30000,27241,793,sim
28.0,0.07,2.0,0,2,0,NOPATIENT,21000,13059,543,sim
31.0,0.07,2.0,0,2,0,NOPATIENT,38000,30306,992,sim
33.0,0.07,2.0,0,2,0,NOPATIENT,20000,17551,503,sim
38.0,0.07,2.0,0,2,0,PATIENT,38000,22503,516,sim
38.0,0.07,2.0,0,2,0,PATIENT,50000,37660,672,sim
39.0,0.07,2.0,0,2,0,NORMAL,42000,38245,806,sim
44.0,0.07,2.0,0,2,0,PATIENT,33000,28494,446,sim
44.0,0.07,2.0,0,2,0,NOPATIENT,32000,28567,835,sim
45.0,0.07,2.0,0,2,0,PATIENT,55000,45150,746,sim
46.0,0.07,2.0,0,2,0,NORMAL,39000,31066,744,sim
48.0,0.07,2.0,0,2,0,NORMAL,52000,47629,999,sim
51.0,0.07,2.0,0,2,0,NORMAL,46000,35436,889,sim
59.0,0.07,2.0,0,2,0,NOPATIENT,11000,3458,288,sim
59.0,0.07,2.0,0,2,0,NOPATIENT,10000,3524,242,sim
59.0,0.07,2.0,0,2,0,PATIENT,16000,4123,209,sim
63.0,0.07,2.0,0,2,0,NOPATIENT,22000,7591,573,sim
64.0,0.07,2.0,0,2,0,PATIENT,55000,48330,747,sim
70.0,0.07,2.0,0,2,0,NORMAL,36000,15167,688,sim
70.0,0.07,2.0,0,2,0,NORMAL,34000,15178,661,sim
70.0,0.07,2.0,0,2,0,PATIENT,70000,70006,942,nao
70.0,0.07,2.0,0,2,0,PATIENT,70000,70004,949,nao
79.0,0.07,2.0,0,2,0,PATIENT,52000,24216,704,sim
82.0,0.07,2.0,0,2,0,NORMAL,40000,26353,772,sim
82.0,0.07,2.0,0,2,0,NORMAL,49000,27129,951,sim
82.0,0.07,2.0,0,2,0,PATIENT,37000,27143,493,sim
86.0,0.07,2.0,0,2,0,PATIENT,71000,71005,960,nao
99.0,0.07,2.0,0,2,0,NORMAL,44000,44003,852,nao
110.0,0.07,2.0,0,2,0,NOPATIENT,11000,14548,291,nao
112.0,0.07,2.0,0,2,0,PATIENT,69000,56390,931,sim
116.0,0.07,2.0,0,2,0,NOPATIENT,18000,20428,476,nao
4.0,0.07,2.0,2,0,0,NORMAL,10000,3261,177,sim
4.0,0.07,2.0,2,0,0,PATIENT,9000,3310,112,sim
5.0,0.07,2.0,2,0,0,NORMAL,13000,4512,239,sim
7.0,0.07,2.0,2,0,0,NOPATIENT,9000,6323,219,sim
7.0,0.07,2.0,2,0,0,PATIENT,21000,7167,285,sim
8.0,0.07,2.0,2,0,0,NOPATIENT,9000,7703,215,sim
9.0,0.07,2.0,2,0,0,NORMAL,9000,8323,176,sim
10.0,0.07,2.0,2,0,0,NORMAL,17000,9517,318,sim
13.0,0.07,2.0,2,0,0,NORMAL,24000,12246,451,sim
14.0,0.07,2.0,2,0,0,PATIENT,16000,13325,210,sim
16.0,0.07,2.0,2,0,0,PATIENT,32000,15519,424,sim
18.0,0.07,2.0,2,0,0,PATIENT,34000,18103,454,sim
20.0,0.07,2.0,2,0,0,NOPATIENT,21000,19728,555,sim
20.0,0.07,2.0,2,0,0,NOPATIENT,8000,5091,194,sim
21.0,0.07,2.0,2,0,0,PATIENT,13000,6158,172,sim
23.0,0.07,2.0,2,0,0,PATIENT,16000,8038,212,sim
24.0,0.07,2.0,2,0,0,NORMAL,14000,9060,259,sim
24.0,0.07,2.0,2,0,0,NORMAL,12000,9066,233,sim
25.0,0.07,2.0,2,0,0,NOPATIENT,34000,24351,880,sim
27.0,0.07,2.0,2,0,0,NORMAL,18000,12154,341,sim
29.0,0.07,2.0,2,0,0,NOPATIENT,36000,28526,949,sim
32.0,0.07,2.0,2,0,0,NOPATIENT,28000,17135,730,sim
33.0,0.07,2.0,2,0,0,NOPATIENT,33000,33006,856,nao
35.0,0.07,2.0,2,0,0,PATIENT,58000,34697,783,sim
36.0,0.07,2.0,2,0,0,NORMAL,42000,35281,809,sim
37.0,0.07,2.0,2,0,0,PATIENT,44000,36526,588,sim
37.0,0.07,2.0,2,0,0,NORMAL,42000,37127,805,sim
41.0,0.07,2.0,2,0,0,PATIENT,44000,40673,599,sim
43.0,0.07,2.0,2,0,0,PATIENT,34000,27664,458,sim
44.0,0.07,2.0,2,0,0,NOPATIENT,38000,29147,996,sim
46.0,0.07,2.0,2,0,0,PATIENT,52000,45271,697,sim
53.0,0.07,2.0,2,0,0,NORMAL,44000,37573,860,sim
54.0,0.07,2.0,2,0,0,NORMAL,45000,39075,869,sim
54.0,0.07,2.0,2,0,0,PATIENT,54000,54003,734,nao
56.0,0.07,2.0,2,0,0,PATIENT,60000,56204,809,sim
57.0,0.07,2.0,2,0,0,PATIENT,71000,42078,968,sim
61.0,0.07,2.0,2,0,0,NOPATIENT,16000,5700,417,sim
62.0,0.07,2.0,2,0,0,PATIENT,17000,7147,220,sim
65.0,0.07,2.0,2,0,0,NOPATIENT,28000,9500,728,sim
65.0,0.07,2.0,2,0,0,NORMAL,22000,9601,422,sim
67.0,0.07,2.0,2,0,0,PATIENT,67000,66591,904,sim
69.0,0.07,2.0,2,0,0,NORMAL,14000,14005,271,nao
73.0,0.07,2.0,2,0,0,NOPATIENT,35000,17705,911,sim
74.0,0.07,2.0,2,0,0,NORMAL,20000,18596,380,sim
74.0,0.07,2.0,2,0,0,NORMAL,43000,19183,828,sim
75.0,0.07,2.0,2,0,0,NORMAL,41000,20295,793,sim
81.0,0.07,2.0,2,0,0,NORMAL,28000,26157,533,sim
84.0,0.07,2.0,2,0,0,PATIENT,61000,28822,827,sim
87.0,0.07,2.0,2,0,0,NORMAL,32000,32003,617,nao
96.0,0.07,2.0,2,0,0,NORMAL,41000,41003,784,nao
104.0,0.07,2.0,2,0,0,NOPATIENT,4000,8598,102,nao
110.0,0.07,2.0,2,0,0,PATIENT,12000,15384,159,nao
111.0,0.07,2.0,2,0,0,NORMAL,13000,15923,240,nao
3.0,0.07,2.0,0,1,1,NOPATIENT,9000,3235,229,sim
4.0,0.07,2.0,0,1,1,NORMAL,10000,3453,180,sim
5.0,0.07,2.0,0,1,1,NOPATIENT,12000,4372,302,sim
9.0,0.07,2.0,0,1,1,NOPATIENT,25000,8681,656,sim
10.0,0.07,2.0,0,1,1,NOPATIENT,13000,9363,335,sim
11.0,0.07,2.0,0,1,1,NORMAL,38000,10335,736,sim
11.0,0.07,2.0,0,1,1,NOPATIENT,22000,11234,560,sim
12.0,0.07,2.0,0,1,1,NOPATIENT,22000,11462,570,sim
12.0,0.07,2.0,0,1,1,NORMAL,26000,11685,490,sim
15.0,0.07,2.0,0,1,1,PATIENT,19000,14337,257,sim
16.0,0.07,2.0,0,1,1,NOPATIENT,19000,15690,498,sim
16.0,0.07,2.0,0,1,1,NOPATIENT,16000,16005,422,nao
18.0,0.07,2.0,0,1,1,NOPATIENT,4000,3072,101,sim
21.0,0.07,2.0,0,1,1,NOPATIENT,32000,20375,823,sim
21.0,0.07,2.0,0,1,1,NOPATIENT,27000,21244,701,sim
22.0,0.07,2.0,0,1,1,NORMAL,8000,7057,145,sim
23.0,0.07,2.0,0,1,1,NORMAL,16000,8054,311,sim
24.0,0.07,2.0,0,1,1,NOPATIENT,24000,24004,618,nao
25.0,0.07,2.0,0,1,1,NOPATIENT,27000,24333,712,sim
25.0,0.07,2.0,0,1,1,PATIENT,40000,24694,545,sim
26.0,0.07,2.0,0,1,1,PATIENT,25000,10488,329,sim
26.0,0.07,2.0,0,1,1,NORMAL,37000,10589,705,sim
31.0,0.07,2.0,0,1,1,NORMAL,37000,31254,716,sim
33.0,0.07,2.0,0,1,1,NORMAL,25000,17481,473,sim
35.0,0.07,2.0,0,1,1,NOPATIENT,25000,19591,652,sim
37.0,0.07,2.0,0,1,1,NOPATIENT,37000,36714,954,sim
37.0,0.07,2.0,0,1,1,NOPATIENT,37000,37005,957,nao
40.0,0.07,2.0,0,1,1,NORMAL,36000,25048,689,sim
42.0,0.07,2.0,0,1,1,NORMAL,33000,26480,636,sim
43.0,0.07,2.0,0,1,1,PATIENT,56000,42703,762,sim
43.0,0.07,2.0,0,1,1,NORMAL,45000,43222,865,sim
47.0,0.07,2.0,0,1,1,PATIENT,53000,46663,714,sim
50.0,0.07,2.0,0,1,1,NORMAL,51000,49351,991,sim
51.0,0.07,2.0,0,1,1,PATIENT,43000,36327,584,sim
56.0,0.07,2.0,0,1,1,PATIENT,49000,41071,663,sim
57.0,0.07,2.0,0,1,1,NOPATIENT,5000,1521,106,sim
58.0,0.07,2.0,0,1,1,PATIENT,58000,57677,790,sim
59.0,0.07,2.0,0,1,1,NOPATIENT,14000,4354,360,sim
63.0,0.07,2.0,0,1,1,NOPATIENT,18000,7526,462,sim
63.0,0.07,2.0,0,1,1,PATIENT,27000,8123,361,sim
64.0,0.07,2.0,0,1,1,NOPATIENT,26000,8641,673,sim
66.0,0.07,2.0,0,1,1,NOPATIENT,21000,10753,552,sim
66.0,0.07,2.0,0,1,1,NOPATIENT,21000,11346,532,sim
68.0,0.07,2.0,0,1,1,NOPATIENT,38000,12487,998,sim
69.0,0.07,2.0,0,1,1,PATIENT,41000,14126,558,sim
71.0,0.07,2.0,0,1,1,NORMAL,20000,16330,385,sim
72.0,0.07,2.0,0,1,1,NOPATIENT,22000,16619,566,sim
73.0,0.07,2.0,0,1,1,NOPATIENT,29000,17527,748,sim
77.0,0.07,2.0,0,1,1,NORMAL,47000,21815,910,sim
85.0,0.07,2.0,0,1,1,PATIENT,67000,30130,911,sim
90.0,0.07,2.0,0,1,1,PATIENT,64000,35133,863,sim
94.0,0.07,2.0,0,1,1,PATIENT,53000,38834,716,sim
96.0,0.07,2.0,0,1,1,NOPATIENT,5000,1422,111,sim
97.0,0.07,2.0,0,1,1,PATIENT,10000,1806,129,sim
99.0,0.07,2.0,0,1,1,PATIENT,9000,3395,118,sim
100.0,0.07,2.0,0,1,1,NOPATIENT,13000,4608,341,sim
102.0,0.07,2.0,0,1,1,NOPATIENT,21000,6537,537,sim
103.0,0.07,2.0,0,1,1,NORMAL,12000,7385,233,sim
103.0,0.07,2.0,0,1,1,NORMAL,12000,7605,230,sim
106.0,0.07,2.0,0,1,1,NOPATIENT,31000,10729,798,sim
109.0,0.07,2.0,0,1,1,PATIENT,48000,14205,641,sim
113.0,0.07,2.0,0,1,1,NORMAL,42000,17527,811,sim
115.0,0.07,2.0,0,1,1,NORMAL,43000,19874,823,sim
115.0,0.07,2.0,0,1,1,NORMAL,46000,20228,883,sim
119.0,0.07,2.0,0,1,1,NORMAL,51000,23699,988,sim
130.0,0.07,2.0,0,1,1,NORMAL,45000,35215,875,sim
130.0,0.07,2.0,0,1,1,PATIENT,47000,35220,640,sim
137.0,0.07,2.0,0,1,1,NORMAL,8000,1892,149,sim
137.0,0.07,2.0,0,1,1,NORMAL,42000,42004,807,nao
139.0,0.07,2.0,0,1,1,NOPATIENT,7000,4039,164,sim
140.0,0.07,2.0,0,1,1,NOPATIENT,15000,4573,384,sim
142.0,0.07,2.0,0,1,1,NOPATIENT,20000,6635,528,sim
143.0,0.07,2.0,0,1,1,NORMAL,29000,7772,563,sim
144.0,0.07,2.0,0,1,1,NOPATIENT,9000,9003,219,nao
145.0,0.07,2.0,0,1,1,NOPATIENT,23000,9874,599,sim
146.0,0.07,2.0,0,1,1,PATIENT,19000,10608,246,sim
147.0,0.07,2.0,0,1,1,NORMAL,15000,11767,274,sim
147.0,0.07,2.0,0,1,1,PATIENT,54000,52236,730,sim
148.0,0.07,2.0,0,1,1,NOPATIENT,37000,12485,975,sim
148.0,0.07,2.0,0,1,1,NORMAL,29000,12558,551,sim
148.0,0.07,2.0,0,1,1,PATIENT,36000,13234,485,sim
149.0,0.07,2.0,0,1,1,NORMAL,14000,13850,258,sim
150.0,0.07,2.0,0,1,1,NORMAL,15000,15003,286,nao
151.0,0.07,2.0,0,1,1,PATIENT,26000,15612,347,sim
154.0,0.07,2.0,0,1,1,PATIENT,33000,18442,446,sim
155.0,0.07,2.0,0,1,1,PATIENT,25000,20275,339,sim
160.0,0.07,2.0,0,1,1,NORMAL,39000,24757,746,sim
178.0,0.07,2.0,0,1,1,NOPATIENT,7000,2534,178,sim
178.0,0.07,2.0,0,1,1,NOPATIENT,8000,2650,193,sim
178.0,0.07,2.0,0,1,1,NORMAL,50000,43277,971,sim
179.0,0.07,2.0,0,1,1,NOPATIENT,10000,3721,263,sim
181.0,0.07,2.0,0,1,1,NOPATIENT,17000,5956,436,sim
184.0,0.07,2.0,0,1,1,PATIENT,12000,8950,156,sim
186.0,0.07,2.0,0,1,1,NORMAL,26000,11160,491,sim
190.0,0.07,2.0,0,1,1,PATIENT,38000,15318,505,sim
194.0,0.07,2.0,0,1,1,NORMAL,43000,19309,822,sim
196.0,0.07,2.0,0,1,1,NORMAL,21000,21004,408,nao
199.0,0.07,2.0,0,1,1,NORMAL,24000,24004,466,nao
232.0,0.07,2.0,0,1,1,NOPATIENT,16000,16764,418,nao
3.0,0.07,2.0,2,1,1,NOPATIENT,5000,2356,112,sim
5.0,0.07,2.0,2,1,1,NORMAL,7000,4349,122,sim
13.0,0.07,2.0,2,1,1,NORMAL,28000,12854,533,sim
15.0,0.07,2.0,2,1,1,PATIENT,47000,15358,634,sim
19.0,0.07,2.0,2,1,1,NOPATIENT,39000,18369,1031,sim
19.0,0.07,2.0,2,1,1,PATIENT,12000,4114,155,sim
19.0,0.07,2.0,2,1,1,NOPATIENT,55000,19234,1451,sim
24.0,0.07,2.0,2,1,1,PATIENT,15000,9117,201,sim
24.0,0.07,2.0,2,1,1,NORMAL,19000,9157,371,sim
27.0,0.07,2.0,2,1,1,NORMAL,27000,27004,523,nao
28.0,0.07,2.0,2,1,1,NORMAL,33000,27377,645,sim
28.0,0.07,2.0,2,1,1,PATIENT,40000,13057,545,sim
30.0,0.07,2.0,2,1,1,NOPATIENT,86000,29853,2267,sim
33.0,0.07,2.0,2,1,1,NORMAL,38000,18115,738,sim
38.0,0.07,2.0,2,1,1,PATIENT,43000,23204,574,sim
42.0,0.07,2.0,2,1,1,NORMAL,54000,41394,1054,sim
44.0,0.07,2.0,2,1,1,NOPATIENT,71000,44240,1859,sim
45.0,0.07,2.0,2,1,1,NOPATIENT,49000,30106,1289,sim
47.0,0.07,2.0,2,1,1,PATIENT,99000,46891,1341,sim
50.0,0.07,2.0,2,1,1,NOPATIENT,57000,35188,1497,sim
53.0,0.07,2.0,2,1,1,NOPATIENT,65000,52882,1704,sim
56.0,0.07,2.0,2,1,1,PATIENT,87000,41082,1175,sim
57.0,0.07,2.0,2,1,1,PATIENT,84000,41423,1144,sim
57.0,0.07,2.0,2,1,1,NORMAL,6000,2252,105,sim
59.0,0.07,2.0,2,1,1,NOPATIENT,56000,44170,1468,sim
59.0,0.07,2.0,2,1,1,NORMAL,10000,4225,192,sim
64.0,0.07,2.0,2,1,1,PATIENT,56000,48585,763,sim
65.0,0.07,2.0,2,1,1,NORMAL,76000,64638,1478,sim
68.0,0.07,2.0,2,1,1,NORMAL,18000,12628,343,sim
69.0,0.07,2.0,2,1,1,NOPATIENT,34000,13653,877,sim
70.0,0.07,2.0,2,1,1,NOPATIENT,20000,14651,512,sim
71.0,0.07,2.0,2,1,1,PATIENT,147000,70732,2004,sim
71.0,0.07,2.0,2,1,1,NOPATIENT,71000,70636,1862,sim
75.0,0.07,2.0,2,1,1,PATIENT,191000,74690,2591,sim
78.0,0.07,2.0,2,1,1,PATIENT,132000,77646,1793,sim
80.0,0.07,2.0,2,1,1,PATIENT,51000,24656,685,sim
81.0,0.07,2.0,2,1,1,NOPATIENT,76000,65623,1999,sim
87.0,0.07,2.0,2,1,1,PATIENT,123000,86668,1665,sim
90.0,0.07,2.0,2,1,1,PATIENT,63000,34684,855,sim
93.0,0.07,2.0,2,1,1,NORMAL,54000,37674,1039,sim
95.0,0.07,2.0,2,1,1,PATIENT,76000,39679,1028,sim
101.0,0.07,2.0,2,1,1,NOPATIENT,92000,45698,2420,sim
110.0,0.07,2.0,2,1,1,NORMAL,28000,14601,535,sim
111.0,0.07,2.0,2,1,1,NORMAL,115000,95598,2236,sim
112.0,0.07,2.0,2,1,1,NORMAL,109000,56649,2120,sim
114.0,0.07,2.0,2,1,1,NORMAL,132000,113659,2574,sim
119.0,0.07,2.0,2,1,1,NORMAL,119000,119002,2311,nao
124.0,0.07,2.0,2,1,1,NOPATIENT,44000,28651,1139,sim
126.0,0.07,2.0,2,1,1,NORMAL,63000,30629,1229,sim
126.0,0.07,2.0,2,1,1,NOPATIENT,44000,30617,1158,sim
132.0,0.07,2.0,2,1,1,PATIENT,132000,132003,1788,nao
137.0,0.07,2.0,2,1,1,PATIENT,141000,81680,1911,sim
137.0,0.07,2.0,2,1,1,PATIENT,190000,136747,2578,sim
137.0,0.07,2.0,2,1,1,PATIENT,168000,136784,2280,sim
139.0,0.07,2.0,2,1,1,PATIENT,10000,3640,130,sim
142.0,0.07,2.0,2,1,1,PATIENT,140000,86645,1901,sim
144.0,0.07,2.0,2,1,1,NOPATIENT,73000,48699,1910,sim
145.0,0.07,2.0,2,1,1,PATIENT,153000,144709,2079,sim
147.0,0.07,2.0,2,1,1,NOPATIENT,33000,11674,872,sim
147.0,0.07,2.0,2,1,1,NOPATIENT,34000,11678,892,sim
152.0,0.07,2.0,2,1,1,PATIENT,44000,16662,600,sim
156.0,0.07,2.0,2,1,1,PATIENT,99000,60671,1343,sim
174.0,0.07,2.0,2,1,1,NOPATIENT,62000,38688,1623,sim
175.0,0.07,2.0,2,1,1,NOPATIENT,80000,39695,2105,sim
176.0,0.07,2.0,2,1,1,NOPATIENT,85000,40702,2226,sim
179.0,0.07,2.0,2,1,1,NOPATIENT,70000,44065,1851,sim
181.0,0.07,2.0,2,1,1,NORMAL,120000,85693,2345,sim
182.0,0.07,2.0,2,1,1,NORMAL,88000,86660,1712,sim
182.0,0.07,2.0,2,1,1,NOPATIENT,10000,7031,263,sim
184.0,0.07,2.0,2,1,1,NORMAL,102000,48676,1980,sim
185.0,0.07,2.0,2,1,1,NORMAL,22000,9736,412,sim
187.0,0.07,2.0,2,1,1,NOPATIENT,33000,11753,848,sim
189.0,0.07,2.0,2,1,1,NORMAL,55000,53677,1070,sim
190.0,0.07,2.0,2,1,1,NORMAL,120000,54708,2343,sim
191.0,0.07,2.0,2,1,1,PATIENT,164000,55709,2224,sim
191.0,0.07,2.0,2,1,1,NORMAL,58000,55698,1124,sim
192.0,0.07,2.0,2,1,1,PATIENT,173000,136756,2349,sim
197.0,0.07,2.0,2,1,1,NOPATIENT,29000,21765,764,sim
201.0,0.07,2.0,2,1,1,NOPATIENT,41000,26050,1076,sim
202.0,0.07,2.0,2,1,1,NOPATIENT,27000,26748,706,sim
202.0,0.07,2.0,2,1,1,NOPATIENT,32000,27054,837,sim
204.0,0.07,2.0,2,1,1,NOPATIENT,42000,28746,1091,sim
211.0,0.07,2.0,2,1,1,PATIENT,173000,75738,2349,sim
214.0,0.07,2.0,2,1,1,PATIENT,93000,38755,1261,sim
220.0,0.07,2.0,2,1,1,NOPATIENT,8000,5029,201,sim
221.0,0.07,2.0,2,1,1,PATIENT,94000,85740,1277,sim
222.0,0.07,2.0,2,1,1,PATIENT,162000,126740,2206,sim
227.0,0.07,2.0,2,1,1,NOPATIENT,87000,51792,2287,sim
229.0,0.07,2.0,2,1,1,NOPATIENT,22000,14045,561,sim
232.0,0.07,2.0,2,1,1,NOPATIENT,47000,16816,1238,sim
232.0,0.07,2.0,2,1,1,NOPATIENT,81000,56763,2120,sim
237.0,0.07,2.0,2,1,1,PATIENT,174000,141723,2362,sim
237.0,0.07,2.0,2,1,1,PATIENT,139000,61782,1893,sim
238.0,0.07,2.0,2,1,1,NORMAL,104000,102706,2022,sim
238.0,0.07,2.0,2,1,1,PATIENT,111000,62793,1513,sim
239.0,0.07,2.0,2,1,1,PATIENT,118000,64086,1602,sim
241.0,0.07,2.0,2,1,1,NORMAL,131000,105712,2545,sim
242.0,0.07,2.0,2,1,1,NORMAL,61000,27158,1189,sim
245.0,0.07,2.0,2,1,1,NORMAL,67000,30244,1299,sim
254.0,0.07,2.0,2,1,1,NOPATIENT,62000,38843,1622,sim
258.0,0.07,2.0,2,1,1,NOPATIENT,75000,42836,1969,sim
262.0,0.07,2.0,2,1,1,NORMAL,102000,46846,1993,sim
262.0,0.07,2.0,2,1,1,NORMAL,16000,7025,296,sim
264.0,0.07,2.0,2,1,1,PATIENT,135000,128792,1839,sim
265.0,0.07,2.0,2,1,1,NOPATIENT,16000,10039,413,sim
266.0,0.07,2.0,2,1,1,NORMAL,24000,10836,467,sim
4.0,0.07,1.5,0,3,1,NORMAL,10000,3463,179,sim
5.0,0.07,1.5,0,3,1,NOPATIENT,15000,4659,373,sim
7.0,0.07,1.5,0,3,1,NORMAL,7000,6639,135,sim
8.0,0.07,1.5,0,3,1,NOPATIENT,20000,7589,510,sim
11.0,0.07,1.5,0,3,1,NOPATIENT,30000,10337,770,sim
12.0,0.07,1.5,0,3,1,NOPATIENT,22000,11472,566,sim
13.0,0.07,1.5,0,3,1,PATIENT,31000,12647,416,sim
17.0,0.07,1.5,0,3,1,PATIENT,28000,16476,370,sim
18.0,0.07,1.5,0,3,1,PATIENT,38000,17320,515,sim
20.0,0.07,1.5,0,3,1,NORMAL,9000,4125,162,sim
23.0,0.07,1.5,0,3,1,NOPATIENT,41000,22592,1085,sim
24.0,0.07,1.5,0,3,1,NORMAL,42000,23647,803,sim
25.0,0.07,1.5,0,3,1,NORMAL,20000,9080,387,sim
26.0,0.07,1.5,0,3,1,NORMAL,22000,10088,430,sim
26.0,0.07,1.5,0,3,1,NORMAL,30000,25319,586,sim
28.0,0.07,1.5,0,3,1,NORMAL,26000,12177,501,sim
29.0,0.07,1.5,0,3,1,NORMAL,62000,28682,1208,sim
34.0,0.07,1.5,0,3,1,NORMAL,38000,18069,741,sim
37.0,0.07,1.5,0,3,1,NORMAL,52000,21757,1016,sim
39.0,0.07,1.5,0,3,1,NOPATIENT,36000,23178,948,sim
40.0,0.07,1.5,0,3,1,NOPATIENT,65000,39498,1709,sim
47.0,0.07,1.5,0,3,1,NORMAL,104000,46668,2019,sim
47.0,0.07,1.5,0,3,1,NOPATIENT,67000,46647,1770,sim
51.0,0.07,1.5,0,3,1,PATIENT,52000,35067,696,sim
59.0,0.07,1.5,0,3,1,NOPATIENT,96000,58340,2520,sim
64.0,0.07,1.5,0,3,1,PATIENT,9000,9004,116,nao
3.0,0.07,1.5,2,0,2,PATIENT,14000,2842,185,sim
6.0,0.07,1.5,2,0,2,NOPATIENT,8000,5827,208,sim
6.0,0.07,1.5,2,0,2,NORMAL,22000,6343,427,sim
7.0,0.07,1.5,2,0,2,NOPATIENT,20000,7561,511,sim
8.0,0.07,1.5,2,0,2,NORMAL,30000,8328,570,sim
9.0,0.07,1.5,2,0,2,NORMAL,34000,9374,659,sim
15.0,0.07,1.5,2,0,2,NORMAL,36000,14828,685,sim
17.0,0.07,1.5,2,0,2,NOPATIENT,30000,17342,771,sim
19.0,0.07,1.5,2,0,2,NOPATIENT,32000,19269,834,sim
19.0,0.07,1.5,2,0,2,NORMAL,39000,19383,755,sim
24.0,0.07,1.5,2,0,2,NORMAL,20000,9505,374,sim
25.0,0.07,1.5,2,0,2,NOPATIENT,17000,10071,430,sim
26.0,0.07,1.5,2,0,2,NOPATIENT,31000,10516,799,sim
27.0,0.07,1.5,2,0,2,NOPATIENT,28000,27357,724,sim
32.0,0.07,1.5,2,0,2,NORMAL,25000,16501,482,sim
33.0,0.07,1.5,2,0,2,NOPATIENT,95000,32896,2494,sim
34.0,0.07,1.5,2,0,2,NORMAL,34000,34005,648,nao
34.0,0.07,1.5,2,0,2,PATIENT,81000,34261,1097,sim
36.0,0.07,1.5,2,0,2,NORMAL,39000,20530,748,sim
39.0,0.07,1.5,2,0,2,PATIENT,39000,23505,529,sim
40.0,0.07,1.5,2,0,2,PATIENT,38000,25430,508,sim
42.0,0.07,1.5,2,0,2,NOPATIENT,77000,41869,2036,sim
56.0,0.07,1.5,2,0,2,NOPATIENT,64000,56288,1679,sim
57.0,0.07,1.5,2,0,2,NORMAL,93000,56918,1802,sim
62.0,0.07,1.5,2,0,2,NORMAL,7000,7004,123,nao
3.0,0.07,1.5,1,1,2,NOPATIENT,9000,2804,222,sim
4.0,0.07,1.5,1,1,2,PATIENT,13000,4320,166,sim
5.0,0.07,1.5,1,1,2,PATIENT,10000,4342,134,sim
6.0,0.07,1.5,1,1,2,NOPATIENT,15000,5379,375,sim
6.0,0.07,1.5,1,1,2,NOPATIENT,18000,6269,454,sim
10.0,0.07,1.5,1,1,2,NORMAL,13000,10312,248,sim
11.0,0.07,1.5,1,1,2,PATIENT,27000,11272,358,sim
12.0,0.07,1.5,1,1,2,NOPATIENT,33000,11803,861,sim
18.0,0.07,1.5,1,1,2,NOPATIENT,42000,17805,1102,sim
19.0,0.07,1.5,1,1,2,PATIENT,43000,19265,573,sim
22.0,0.07,1.5,1,1,2,NOPATIENT,11000,7041,265,sim
23.0,0.07,1.5,1,1,2,NOPATIENT,29000,22361,762,sim
23.0,0.07,1.5,1,1,2,PATIENT,39000,23328,528,sim
24.0,0.07,1.5,1,1,2,NOPATIENT,35000,23808,916,sim
28.0,0.07,1.5,1,1,2,NORMAL,34000,28242,664,sim
31.0,0.07,1.5,1,1,2,NORMAL,49000,30817,951,sim
31.0,0.07,1.5,1,1,2,PATIENT,29000,16049,382,sim
32.0,0.07,1.5,1,1,2,NOPATIENT,27000,17076,700,sim
35.0,0.07,1.5,1,1,2,PATIENT,36000,19473,487,sim
36.0,0.07,1.5,1,1,2,PATIENT,45000,36251,606,sim
38.0,0.07,1.5,1,1,2,NORMAL,82000,37825,1603,sim
39.0,0.07,1.5,1,1,2,PATIENT,41000,38799,553,sim
40.0,0.07,1.5,1,1,2,NOPATIENT,73000,24529,1912,sim
40.0,0.07,1.5,1,1,2,PATIENT,27000,25058,358,sim
42.0,0.07,1.5,1,1,2,PATIENT,89000,41876,1207,sim
47.0,0.07,1.5,1,1,2,NORMAL,50000,31449,975,sim
50.0,0.07,1.5,1,1,2,PATIENT,35000,35004,466,nao
51.0,0.07,1.5,1,1,2,PATIENT,65000,50754,875,sim
52.0,0.07,1.5,1,1,2,NORMAL,109000,51811,2117,sim
57.0,0.07,1.5,1,1,2,NORMAL,6000,2057,116,sim
57.0,0.07,1.5,1,1,2,NOPATIENT,60000,42355,1581,sim
66.0,0.07,1.5,1,1,2,NORMAL,11000,11004,210,nao
4.0,0.07,1.5,2,2,0,NOPATIENT,9000,4322,233,sim
9.0,0.07,1.5,2,2,0,NOPATIENT,23000,8516,588,sim
16.0,0.07,1.5,2,2,0,PATIENT,68000,16323,918,sim
16.0,0.07,1.5,2,2,0,PATIENT,50000,16367,681,sim
17.0,0.07,1.5,2,2,0,NOPATIENT,49000,17226,1285,sim
19.0,0.07,1.5,2,2,0,NOPATIENT,31000,18818,812,sim
20.0,0.07,1.5,2,2,0,PATIENT,61000,20318,828,sim
23.0,0.07,1.5,2,2,0,NOPATIENT,36000,22834,947,sim
24.0,0.07,1.5,2,2,0,NOPATIENT,26000,9057,665,sim
25.0,0.07,1.5,2,2,0,NORMAL,31000,25224,599,sim
26.0,0.07,1.5,2,2,0,NORMAL,42000,11043,805,sim
29.0,0.07,1.5,2,2,0,NOPATIENT,41000,13482,1059,sim
36.0,0.07,1.5,2,2,0,PATIENT,55000,21043,738,sim
40.0,0.07,1.5,2,2,0,NOPATIENT,45000,25094,1170,sim
43.0,0.07,1.5,2,2,0,NOPATIENT,52000,43234,1370,sim
46.0,0.07,1.5,2,2,0,NORMAL,58000,45856,1120,sim
46.0,0.07,1.5,2,2,0,NORMAL,117000,46365,2282,sim
49.0,0.07,1.5,2,2,0,NOPATIENT,58000,33512,1530,sim
56.0,0.07,1.5,2,2,0,PATIENT,120000,55875,1623,sim
56.0,0.07,1.5,2,2,0,NOPATIENT,58000,41063,1521,sim
57.0,0.07,1.5,2,2,0,NORMAL,9000,2127,171,sim
62.0,0.07,1.5,2,2,0,NOPATIENT,62000,62006,1631,nao
67.0,0.07,1.5,2,2,0,PATIENT,157000,52195,2131,sim
68.0,0.07,1.5,2,2,0,NOPATIENT,14000,12962,368,sim
70.0,0.07,1.5,2,2,0,NOPATIENT,33000,15141,869,sim
70.0,0.07,1.5,2,2,0,NOPATIENT,79000,70167,2068,sim
71.0,0.07,1.5,2,2,0,NORMAL,85000,56211,1656,sim
72.0,0.07,1.5,2,2,0,NOPATIENT,73000,72162,1907,sim
73.0,0.07,1.5,2,2,0,NOPATIENT,18000,18004,466,nao
77.0,0.07,1.5,2,2,0,NOPATIENT,96000,77176,2515,sim
79.0,0.07,1.5,2,2,0,PATIENT,125000,64120,1691,sim
85.0,0.07,1.5,2,2,0,NOPATIENT,42000,30139,1092,sim
85.0,0.07,1.5,2,2,0,PATIENT,123000,85245,1675,sim
88.0,0.07,1.5,2,2,0,NOPATIENT,58000,32962,1525,sim
89.0,0.07,1.5,2,2,0,PATIENT,188000,89325,2558,sim
96.0,0.07,1.5,2,2,0,NORMAL,93000,81226,1804,sim
99.0,0.07,1.5,2,2,0,NORMAL,79000,44166,1529,sim
101.0,0.07,1.5,2,2,0,NORMAL,118000,86235,2301,sim
104.0,0.07,1.5,2,2,0,NORMAL,60000,49098,1155,sim
108.0,0.07,1.5,2,2,0,NOPATIENT,61000,53051,1611,sim
108.0,0.07,1.5,2,2,0,NOPATIENT,66000,53167,1741,sim
110.0,0.07,1.5,2,2,0,NORMAL,129000,110194,2510,sim
113.0,0.07,1.5,2,2,0,PATIENT,144000,98244,1958,sim
113.0,0.07,1.5,2,2,0,PATIENT,64000,58274,865,sim
114.0,0.07,1.5,2,2,0,PATIENT,101000,59273,1371,sim
119.0,0.07,1.5,2,2,0,PATIENT,164000,118521,2231,sim
122.0,0.07,1.5,2,2,0,NOPATIENT,67000,67003,1759,nao
130.0,0.07,1.5,2,2,0,NORMAL,130000,130004,2543,nao
146.0,0.07,1.5,2,2,0,NOPATIENT,51000,51004,1343,nao
4.0,0.07,1.5,0,1,3,NORMAL,12000,3407,230,sim
4.0,0.07,1.5,0,1,3,PATIENT,22000,3742,291,sim
9.0,0.07,1.5,0,1,3,NORMAL,17000,8378,316,sim
10.0,0.07,1.5,0,1,3,NOPATIENT,18000,9766,459,sim
13.0,0.07,1.5,0,1,3,NOPATIENT,38000,12754,987,sim
15.0,0.07,1.5,0,1,3,NOPATIENT,42000,15344,1107,sim
17.0,0.07,1.5,0,1,3,NOPATIENT,46000,16458,1205,sim
17.0,0.07,1.5,0,1,3,NOPATIENT,48000,16755,1258,sim
22.0,0.07,1.5,0,1,3,NOPATIENT,38000,21357,995,sim
23.0,0.07,1.5,0,1,3,NORMAL,22000,7485,427,sim
23.0,0.07,1.5,0,1,3,NOPATIENT,36000,22773,950,sim
25.0,0.07,1.5,0,1,3,NORMAL,39000,25322,744,sim
33.0,0.07,1.5,0,1,3,NORMAL,63000,32778,1215,sim
34.0,0.07,1.5,0,1,3,NORMAL,46000,33370,881,sim
34.0,0.07,1.5,0,1,3,PATIENT,117000,33776,1591,sim
38.0,0.07,1.5,0,1,3,NORMAL,50000,23176,962,sim
43.0,0.07,1.5,0,1,3,NORMAL,69000,43284,1338,sim
44.0,0.07,1.5,0,1,3,NOPATIENT,48000,29168,1247,sim
45.0,0.07,1.5,0,1,3,NOPATIENT,63000,29492,1666,sim
45.0,0.07,1.5,0,1,3,NOPATIENT,49000,30120,1271,sim
47.0,0.07,1.5,0,1,3,NOPATIENT,51000,31268,1328,sim
49.0,0.07,1.5,0,1,3,NORMAL,102000,48799,1982,sim
52.0,0.07,1.5,0,1,3,PATIENT,164000,51822,2234,sim
54.0,0.07,1.5,0,1,3,NOPATIENT,64000,39089,1668,sim
59.0,0.07,1.5,0,1,3,NORMAL,97000,58797,1891,sim
60.0,0.07,1.5,0,1,3,PATIENT,13000,4356,177,sim
60.0,0.07,1.5,0,1,3,NORMAL,13000,5319,241,sim
63.0,0.07,1.5,0,1,3,PATIENT,161000,47958,2184,sim
64.0,0.07,1.5,0,1,3,NOPATIENT,9000,9006,217,nao
67.0,0.07,1.5,0,1,3,NOPATIENT,96000,66813,2522,sim
69.0,0.07,1.5,0,1,3,NORMAL,72000,68806,1403,sim
74.0,0.07,1.5,0,1,3,PATIENT,165000,58812,2244,sim
76.0,0.07,1.5,0,1,3,PATIENT,64000,60721,864,sim
79.0,0.07,1.5,0,1,3,NORMAL,52000,23811,1007,sim
79.0,0.07,1.5,0,1,3,PATIENT,60000,23832,809,sim
80.0,0.07,1.5,0,1,3,PATIENT,109000,79820,1475,sim
86.0,0.07,1.5,0,1,3,NOPATIENT,66000,31080,1724,sim
87.0,0.07,1.5,0,1,3,NOPATIENT,57000,31822,1490,sim
87.0,0.07,1.5,0,1,3,PATIENT,106000,86896,1441,sim
91.0,0.07,1.5,0,1,3,PATIENT,123000,90817,1673,sim
92.0,0.07,1.5,0,1,3,NOPATIENT,52000,36882,1369,sim
98.0,0.07,1.5,0,1,3,PATIENT,67000,42889,906,sim
99.0,0.07,1.5,0,1,3,PATIENT,137000,43882,1858,sim
102.0,0.07,1.5,0,1,3,PATIENT,125000,101845,1692,sim
109.0,0.07,1.5,0,1,3,NOPATIENT,40000,13867,1051,sim
109.0,0.07,1.5,0,1,3,NORMAL,57000,14103,1099,sim
113.0,0.07,1.5,0,1,3,NOPATIENT,51000,17902,1332,sim
114.0,0.07,1.5,0,1,3,NOPATIENT,65000,58837,1702,sim
119.0,0.07,1.5,0,1,3,PATIENT,56000,24109,759,sim
129.0,0.07,1.5,0,1,3,NORMAL,56000,33876,1089,sim
132.0,0.07,1.5,0,1,3,NOPATIENT,53000,36919,1394,sim
133.0,0.07,1.5,0,1,3,NOPATIENT,88000,77909,2319,sim
133.0,0.07,1.5,0,1,3,PATIENT,171000,117861,2322,sim
135.0,0.07,1.5,0,1,3,NORMAL,102000,39898,1981,sim
135.0,0.07,1.5,0,1,3,PATIENT,111000,79922,1513,sim
138.0,0.07,1.5,0,1,3,NORMAL,87000,42934,1694,sim
139.0,0.07,1.5,0,1,3,NORMAL,16000,3897,308,sim
139.0,0.07,1.5,0,1,3,PATIENT,163000,138922,2220,sim
142.0,0.07,1.5,0,1,3,NORMAL,102000,46956,1993,sim
147.0,0.07,1.5,0,1,3,NOPATIENT,19000,12031,486,sim
150.0,0.07,1.5,0,1,3,NOPATIENT,44000,14957,1142,sim
154.0,0.07,1.5,0,1,3,NOPATIENT,42000,18910,1092,sim
155.0,0.07,1.5,0,1,3,PATIENT,190000,59970,2578,sim
156.0,0.07,1.5,0,1,3,NOPATIENT,61000,20958,1607,sim
159.0,0.07,1.5,0,1,3,NOPATIENT,69000,23935,1815,sim
161.0,0.07,1.5,0,1,3,PATIENT,87000,65960,1179,sim
162.0,0.07,1.5,0,1,3,PATIENT,74000,66954,1005,sim
173.0,0.07,1.5,0,1,3,PATIENT,75000,37932,1020,sim
173.0,0.07,1.5,0,1,3,PATIENT,96000,78002,1297,sim
174.0,0.07,1.5,0,1,3,NOPATIENT,70000,38958,1848,sim
185.0,0.07,1.5,0,1,3,PATIENT,68000,49942,918,sim
185.0,0.07,1.5,0,1,3,NORMAL,100000,89990,1950,sim
187.0,0.07,1.5,0,1,3,PATIENT,101000,51988,1374,sim
190.0,0.07,1.5,0,1,3,NORMAL,131000,54985,2548,sim
193.0,0.07,1.5,0,1,3,NOPATIENT,23000,17942,589,sim
194.0,0.07,1.5,0,1,3,NORMAL,71000,59000,1387,sim
199.0,0.07,1.5,0,1,3,PATIENT,116000,63997,1571,sim
204.0,0.07,1.5,0,1,3,NOPATIENT,30000,28955,775,sim
204.0,0.07,1.5,0,1,3,NOPATIENT,85000,28996,2228,sim
205.0,0.07,1.5,0,1,3,NOPATIENT,86000,29998,2272,sim
209.0,0.07,1.5,0,1,3,PATIENT,114000,74039,1542,sim
213.0,0.07,1.5,0,1,3,PATIENT,43000,37980,577,sim
217.0,0.07,1.5,0,1,3,NOPATIENT,8000,2006,190,sim
220.0,0.07,1.5,0,1,3,PATIENT,66000,45008,888,sim
223.0,0.07,1.5,0,1,3,PATIENT,152000,48137,2067,sim
224.0,0.07,1.5,0,1,3,NOPATIENT,20000,9010,504,sim
227.0,0.07,1.5,0,1,3,NOPATIENT,65000,51978,1699,sim
227.0,0.07,1.5,0,1,3,NOPATIENT,67000,52037,1771,sim
235.0,0.07,1.5,0,1,3,PATIENT,17000,19691,229,nao
235.0,0.07,1.5,0,1,3,PATIENT,150000,60071,2035,sim
238.0,0.07,1.5,0,1,3,NORMAL,41000,23102,798,sim
244.0,0.07,1.5,0,1,3,NOPATIENT,58000,29032,1510,sim
250.0,0.07,1.5,0,1,3,PATIENT,190000,114827,2587,sim
250.0,0.07,1.5,0,1,3,NORMAL,124000,34852,2420,sim
253.0,0.07,1.5,0,1,3,PATIENT,124000,77859,1688,sim
258.0,0.07,1.5,0,1,3,NOPATIENT,77000,42848,2037,sim
258.0,0.07,1.5,0,1,3,NORMAL,123000,123003,2392,nao
260.0,0.07,1.5,0,1,3,PATIENT,97000,44866,1321,sim
265.0,0.07,1.5,0,1,3,PATIENT,80000,49867,1083,sim
266.0,0.07,1.5,0,1,3,NOPATIENT,17000,11064,443,sim
269.0,0.07,1.5,0,1,3,NOPATIENT,23000,14084,602,sim
270.0,0.07,1.5,0,1,3,NOPATIENT,64000,54873,1670,sim
272.0,0.07,1.5,0,1,3,NOPATIENT,27000,17057,714,sim
273.0,0.07,1.5,0,1,3,NOPATIENT,22000,17880,579,sim
273.0,0.07,1.5,0,1,3,PATIENT,82000,57869,1112,sim
274.0,0.07,1.5,0,1,3,PATIENT,156000,98864,2122,sim
278.0,0.07,1.5,0,1,3,PATIENT,122000,102879,1658,sim
281.0,0.07,1.5,0,1,3,PATIENT,97000,65887,1313,sim
284.0,0.07,1.5,0,1,3,NORMAL,40000,28881,779,sim
291.0,0.07,1.5,0,1,3,NORMAL,68000,35902,1319,sim
292.0,0.07,1.5,0,1,3,NORMAL,123000,76900,2395,sim
292.0,0.07,1.5,0,1,3,PATIENT,157000,157003,2130,nao
295.0,0.07,1.5,0,1,3,NOPATIENT,73000,39893,1908,sim
295.0,0.07,1.5,0,1,3,PATIENT,160000,160003,2181,nao
298.0,0.07,1.5,0,1,3,NOPATIENT,9000,2944,222,sim
299.0,0.07,1.5,0,1,3,PATIENT,164000,164003,2232,nao
301.0,0.07,1.5,0,1,3,PATIENT,71000,46120,968,sim
305.0,0.07,1.5,0,1,3,PATIENT,164000,130119,2233,sim
308.0,0.07,1.5,0,1,3,NOPATIENT,21000,12354,534,sim
5.0,0.07,1.5,2,2,0,NORMAL,7000,4744,135,sim
5.0,0.07,1.5,1,1,2,NOPATIENT,12000,4880,310,sim
6.0,0.07,1.5,1,1,2,NORMAL,24000,5785,462,sim
10.0,0.07,1.5,1,1,2,PATIENT,21000,9877,274,sim
10.0,0.07,1.5,1,1,2,NOPATIENT,27000,10256,703,sim
12.0,0.07,1.5,1,1,2,NORMAL,45000,12271,873,sim
15.0,0.07,1.5,1,1,2,NOPATIENT,27000,14816,714,sim
17.0,0.07,1.5,1,1,2,NORMAL,18000,17272,340,sim
18.0,0.07,1.5,1,1,2,PATIENT,57000,17877,766,sim
21.0,0.07,1.5,1,1,2,NOPATIENT,9000,6108,226,sim
22.0,0.07,1.5,1,1,2,NOPATIENT,45000,21758,1173,sim
28.0,0.07,1.5,1,1,2,NOPATIENT,21000,13067,550,sim
28.0,0.07,1.5,1,1,2,NORMAL,43000,13251,833,sim
31.0,0.07,1.5,1,1,2,NORMAL,60000,30840,1167,sim
31.0,0.07,1.5,1,1,2,NOPATIENT,25000,16097,656,sim
36.0,0.07,1.5,1,1,2,PATIENT,77000,35777,1048,sim
37.0,0.07,1.5,1,1,2,NOPATIENT,78000,37243,2039,sim
41.0,0.07,1.5,1,1,2,NOPATIENT,37000,26256,963,sim
42.0,0.07,1.5,1,1,2,PATIENT,68000,41916,925,sim
46.0,0.07,1.5,1,1,2,PATIENT,80000,45854,1087,sim
51.0,0.07,1.5,1,1,2,PATIENT,81000,50775,1104,sim
54.0,0.07,1.5,1,1,2,NOPATIENT,43000,39098,1112,sim
56.0,0.07,1.5,1,1,2,NORMAL,58000,41270,1125,sim
3.0,0.07,1.5,2,0,2,NOPATIENT,7000,2858,161,sim
7.0,0.07,1.5,2,0,2,NOPATIENT,19000,7335,478,sim
12.0,0.07,1.5,2,0,2,NOPATIENT,13000,12341,326,sim
13.0,0.07,1.5,2,0,2,NOPATIENT,29000,12873,746,sim
14.0,0.07,1.5,2,0,2,NOPATIENT,39000,13847,1028,sim
14.0,0.07,1.5,2,0,2,PATIENT,42000,14223,569,sim
18.0,0.07,1.5,2,0,2,NOPATIENT,7000,2371,180,sim
19.0,0.07,1.5,2,0,2,NOPATIENT,54000,19282,1408,sim
22.0,0.07,1.5,2,0,2,PATIENT,22000,7122,287,sim
24.0,0.07,1.5,2,0,2,PATIENT,54000,23785,731,sim
28.0,0.07,1.5,2,0,2,NORMAL,38000,12373,724,sim
28.0,0.07,1.5,2,0,2,PATIENT,60000,27849,806,sim
32.0,0.07,1.5,2,0,2,NOPATIENT,27000,17059,710,sim
32.0,0.07,1.5,2,0,2,PATIENT,73000,32299,991,sim
34.0,0.07,1.5,2,0,2,NOPATIENT,19000,19004,477,nao
11.0,0.07,1.5,3,1,0,NOPATIENT,28000,10490,732,sim
17.0,0.07,1.5,3,1,0,NOPATIENT,45000,16356,1181,sim
17.0,0.07,1.5,3,1,0,NORMAL,23000,16500,443,sim
19.0,0.07,1.5,3,1,0,NOPATIENT,21000,18830,545,sim
22.0,0.07,1.5,3,1,0,NORMAL,15000,7046,280,sim
22.0,0.07,1.5,3,1,0,NORMAL,15000,7115,282,sim
27.0,0.07,1.5,3,1,0,NOPATIENT,28000,26360,741,sim
30.0,0.07,1.5,3,1,0,NORMAL,90000,29396,1755,sim
30.0,0.07,1.5,3,1,0,NOPATIENT,48000,29826,1261,sim
30.0,0.07,1.5,3,1,0,NOPATIENT,87000,30238,2287,sim
31.0,0.07,1.5,3,1,0,NORMAL,35000,16070,682,sim
32.0,0.07,1.5,3,1,0,NORMAL,56000,16476,1084,sim
33.0,0.07,1.5,3,1,0,NOPATIENT,28000,18044,735,sim
34.0,0.07,1.5,3,1,0,PATIENT,40000,33363,532,sim
36.0,0.07,1.5,3,1,0,NORMAL,21000,21031,408,nao
3.0,0.07,1.5,2,1,1,NOPATIENT,5000,2347,115,sim
7.0,0.07,1.5,2,1,1,PATIENT,18000,6367,238,sim
7.0,0.07,1.5,2,1,1,NOPATIENT,19000,7311,486,sim
10.0,0.07,1.5,2,1,1,PATIENT,10000,9359,128,sim
10.0,0.07,1.5,2,1,1,NOPATIENT,29000,9715,761,sim
12.0,0.07,1.5,2,1,1,PATIENT,25000,11736,329,sim
14.0,0.07,1.5,2,1,1,PATIENT,43000,14228,579,sim
17.0,0.07,1.5,2,1,1,NOPATIENT,28000,17304,721,sim
20.0,0.07,1.5,2,1,1,NOPATIENT,48000,19357,1245,sim
22.0,0.07,1.5,2,1,1,PATIENT,13000,7115,177,sim
24.0,0.07,1.5,2,1,1,PATIENT,40000,24312,539,sim
25.0,0.07,1.5,2,1,1,PATIENT,28000,24344,380,sim
25.0,0.07,1.5,2,1,1,NOPATIENT,16000,10137,406,sim
27.0,0.07,1.5,2,1,1,NORMAL,26000,11499,505,sim
27.0,0.07,1.5,2,1,1,NORMAL,17000,12132,332,sim
31.0,0.07,1.5,2,1,1,NOPATIENT,25000,16070,655,sim
33.0,0.07,1.5,2,1,1,NOPATIENT,65000,32745,1708,sim
35.0,0.07,1.5,2,1,1,NOPATIENT,33000,20087,848,sim
38.0,0.07,1.5,2,1,1,NOPATIENT,38000,37359,982,sim
39.0,0.07,1.5,2,1,1,PATIENT,57000,38777,777,sim
39.0,0.07,1.5,2,1,1,NOPATIENT,42000,39326,1103,sim
40.0,0.07,1.5,2,1,1,PATIENT,27000,25043,361,sim
46.0,0.07,1.5,2,1,1,PATIENT,33000,31085,437,sim
49.0,0.07,1.5,2,1,1,NORMAL,62000,48765,1204,sim
54.0,0.07,1.5,2,1,1,NORMAL,118000,53792,2307,sim
59.0,0.07,1.5,2,1,1,NORMAL,70000,43525,1369,sim
63.0,0.07,1.5,2,1,1,PATIENT,130000,63011,1768,sim
63.0,0.07,1.5,2,1,1,PATIENT,67000,63010,903,sim
63.0,0.07,1.5,2,1,1,NOPATIENT,63000,63002,1651,nao
64.0,0.07,1.5,2,1,1,NOPATIENT,69000,48989,1824,sim
65.0,0.07,1.5,2,1,1,NORMAL,50000,50002,964,nao
66.0,0.07,1.5,2,1,1,PATIENT,11000,11003,137,nao
66.0,0.07,1.5,2,1,1,PATIENT,28000,11009,380,sim
68.0,0.07,1.5,2,1,1,NOPATIENT,83000,67945,2172,sim
79.0,0.07,1.5,2,1,1,PATIENT,86000,78930,1172,sim
79.0,0.07,1.5,2,1,1,NORMAL,24000,24002,458,nao
79.0,0.07,1.5,2,1,1,NORMAL,79000,79002,1543,nao
81.0,0.07,1.5,2,1,1,NOPATIENT,49000,26046,1285,sim
92.0,0.07,1.5,2,1,1,PATIENT,108000,92060,1463,sim
95.0,0.07,1.5,2,1,1,NORMAL,82000,40055,1603,sim
95.0,0.07,1.5,2,1,1,PATIENT,106000,80012,1440,sim
6.0,0.07,1.5,1,2,1,NOPATIENT,6000,6006,144,nao
15.0,0.07,1.5,1,2,1,NOPATIENT,42000,14823,1105,sim
16.0,0.07,1.5,1,2,1,PATIENT,16000,16006,206,nao
17.0,0.07,1.5,1,2,1,NOPATIENT,17000,17003,442,nao
20.0,0.07,1.5,1,2,1,NORMAL,43000,19847,831,sim
28.0,0.07,1.5,1,2,1,NOPATIENT,37000,27841,957,sim
38.0,0.07,1.5,1,2,1,PATIENT,80000,37848,1080,sim
64.0,0.07,1.5,1,2,1,NOPATIENT,64000,64005,1668,nao
69.0,0.07,1.5,1,2,1,NORMAL,69000,69018,1334,nao
71.0,0.07,1.5,1,2,1,NOPATIENT,71000,71005,1876,nao
5.0,0.07,1.5,2,2,0,NOPATIENT,12000,4279,295,sim
7.0,0.07,1.5,2,2,0,PATIENT,18000,6321,233,sim
9.0,0.07,1.5,2,2,0,NOPATIENT,10000,8732,246,sim
15.0,0.07,1.5,2,2,0,NORMAL,36000,14288,698,sim
15.0,0.07,1.5,2,2,0,NOPATIENT,39000,14503,1007,sim
19.0,0.07,1.5,2,2,0,NORMAL,8000,4071,155,sim
21.0,0.07,1.5,2,2,0,NORMAL,24000,20435,458,sim
24.0,0.07,1.5,2,2,0,NOPATIENT,27000,23338,701,sim
30.0,0.07,1.5,2,2,0,NORMAL,66000,29794,1284,sim
30.0,0.07,1.5,2,2,0,NOPATIENT,86000,30277,2262,sim
32.0,0.07,1.5,2,2,0,NORMAL,34000,31741,657,sim
34.0,0.07,1.5,2,2,0,NOPATIENT,34000,34210,879,nao
38.0,0.07,1.5,2,2,0,NORMAL,50000,23056,974,sim
41.0,0.07,1.5,2,2,0,NOPATIENT,75000,40309,1969,sim
45.0,0.07,1.5,2,2,0,NORMAL,57000,30103,1106,sim
50.0,0.07,1.5,2,2,0,NOPATIENT,82000,34575,2160,sim
56.0,0.07,1.5,2,2,0,NORMAL,58000,55318,1125,sim
56.0,0.07,1.5,2,2,0,NOPATIENT,74000,56248,1951,sim
67.0,0.07,1.5,2,2,0,NORMAL,78000,66319,1516,sim
70.0,0.07,1.5,2,2,0,NOPATIENT,55000,54360,1452,sim
75.0,0.07,1.5,2,2,0,NOPATIENT,20000,20004,510,nao
77.0,0.07,1.5,2,2,0,PATIENT,111000,76252,1512,sim
77.0,0.07,1.5,2,2,0,PATIENT,93000,61350,1261,sim
78.0,0.07,1.5,2,2,0,NORMAL,78000,77278,1518,sim
83.0,0.07,1.5,2,2,0,NORMAL,128000,67391,2485,sim
92.0,0.07,1.5,2,2,0,NORMAL,47000,36440,901,sim
93.0,0.07,1.5,2,2,0,NOPATIENT,84000,37402,2216,sim
94.0,0.07,1.5,2,2,0,NOPATIENT,88000,78341,2307,sim
97.0,0.07,1.5,2,2,0,NOPATIENT,42000,42004,1106,nao
98.0,0.07,1.5,2,2,0,NOPATIENT,83000,83002,2197,nao
102.0,0.07,1.5,2,2,0,PATIENT,47000,47014,639,nao
104.0,0.07,1.5,2,2,0,PATIENT,115000,103375,1568,sim
107.0,0.07,1.5,2,2,0,NORMAL,117000,106289,2276,sim
107.0,0.07,1.5,2,2,0,NORMAL,114000,106313,2227,sim
107.0,0.07,1.5,2,2,0,NORMAL,12000,12003,217,nao
110.0,0.07,1.5,2,2,0,PATIENT,15000,15004,194,nao
116.0,0.07,1.5,2,2,0,NOPATIENT,67000,60428,1770,sim
116.0,0.07,1.5,2,2,0,NORMAL,21000,21003,393,nao
118.0,0.07,1.5,2,2,0,NOPATIENT,23000,23003,600,nao
119.0,0.07,1.5,2,2,0,NOPATIENT,24000,24004,616,nao
122.0,0.07,1.5,2,2,0,PATIENT,135000,106418,1828,sim
123.0,0.07,1.5,2,2,0,NOPATIENT,91000,67946,2398,sim
128.0,0.07,1.5,2,2,0,PATIENT,33000,33002,445,nao
131.0,0.07,1.5,2,2,0,PATIENT,131000,130351,1781,sim
132.0,0.07,1.5,2,2,0,PATIENT,154000,116463,2088,sim
133.0,0.07,1.5,2,2,0,NORMAL,133000,133005,2597,nao
136.0,0.07,1.5,2,2,0,PATIENT,131000,120405,1786,sim
140.0,0.07,1.5,2,2,0,NOPATIENT,5000,5003,127,nao
141.0,0.07,1.5,2,2,0,NORMAL,131000,125465,2549,sim
145.0,0.07,1.5,2,2,0,NOPATIENT,50000,50004,1305,nao
147.0,0.07,1.5,2,2,0,PATIENT,151000,146516,2052,sim
149.0,0.07,1.5,2,2,0,NOPATIENT,54000,54002,1428,nao
161.0,0.07,1.5,2,2,0,NORMAL,66000,66003,1288,nao
163.0,0.07,1.5,2,2,0,PATIENT,123000,107484,1676,sim
164.0,0.07,1.5,2,2,0,PATIENT,187000,163417,2549,sim
165.0,0.07,1.5,2,2,0,NORMAL,131000,109512,2552,sim
165.0,0.07,1.5,2,2,0,NORMAL,70000,70002,1364,nao
166.0,0.07,1.5,2,2,0,NOPATIENT,31000,31002,811,nao
170.0,0.07,1.5,2,2,0,NOPATIENT,75000,75004,1962,nao
170.0,0.07,1.5,2,2,0,NOPATIENT,75000,75002,1984,nao
170.0,0.07,1.5,2,2,0,NORMAL,35000,35002,673,nao
171.0,0.07,1.5,2,2,0,PATIENT,36000,36003,487,nao
175.0,0.07,1.5,2,2,0,PATIENT,175000,175002,2373,nao
180.0,0.07,1.5,2,2,0,NOPATIENT,85000,85002,2231,nao
180.0,0.07,1.5,2,2,0,NORMAL,85000,85002,1661,nao
181.0,0.07,1.5,2,2,0,PATIENT,183000,166019,2492,sim
183.0,0.07,1.5,2,2,0,PATIENT,148000,127501,2009,sim
3.0,0.07,1.8,0,2,2,NOPATIENT,5000,2505,126,sim
4.0,0.07,1.8,0,2,2,PATIENT,11000,3780,142,sim
6.0,0.07,1.8,0,2,2,NORMAL,19000,5434,354,sim
13.0,0.07,1.8,0,2,2,PATIENT,38000,12314,514,sim
13.0,0.07,1.8,0,2,2,PATIENT,35000,12442,469,sim
18.0,0.07,1.8,0,2,2,NORMAL,18000,17425,347,sim
19.0,0.07,1.8,0,2,2,NORMAL,6000,4116,101,sim
20.0,0.07,1.8,0,2,2,NOPATIENT,58000,19857,1519,sim
22.0,0.07,1.8,0,2,2,NORMAL,10000,7051,189,sim
24.0,0.07,1.8,0,2,2,NORMAL,14000,9048,257,sim
26.0,0.07,1.8,0,2,2,NORMAL,44000,10474,845,sim
31.0,0.07,1.8,0,2,2,NOPATIENT,26000,16103,666,sim
32.0,0.07,1.8,0,2,2,NOPATIENT,92000,31901,2420,sim
33.0,0.07,1.8,0,2,2,NOPATIENT,33000,32320,856,sim
33.0,0.07,1.8,0,2,2,PATIENT,104000,32857,1410,sim
34.0,0.07,1.8,0,2,2,NOPATIENT,39000,33858,1022,sim
34.0,0.07,1.8,0,2,2,NORMAL,19000,19006,366,nao
36.0,0.07,1.8,0,2,2,NOPATIENT,51000,35755,1332,sim
38.0,0.07,1.8,0,2,2,PATIENT,65000,22719,885,sim
3.0,0.07,1.8,1,2,1,NORMAL,7000,2609,120,sim
6.0,0.07,1.8,1,2,1,PATIENT,14000,5553,189,sim
7.0,0.07,1.8,1,2,1,NOPATIENT,19000,6898,499,sim
8.0,0.07,1.8,1,2,1,NORMAL,19000,7588,363,sim
9.0,0.07,1.8,1,2,1,NORMAL,20000,8861,383,sim
12.0,0.07,1.8,1,2,1,NORMAL,13000,11552,235,sim
13.0,0.07,1.8,1,2,1,NOPATIENT,34000,12477,881,sim
15.0,0.07,1.8,1,2,1,NORMAL,27000,14591,513,sim
19.0,0.07,1.8,1,2,1,NORMAL,8000,4097,138,sim
24.0,0.07,1.8,1,2,1,NORMAL,40000,23488,772,sim
24.0,0.07,1.8,1,2,1,NORMAL,51000,23832,991,sim
25.0,0.07,1.8,1,2,1,NOPATIENT,16000,10048,415,sim
28.0,0.07,1.8,1,2,1,PATIENT,60000,27881,807,sim
30.0,0.07,1.8,1,2,1,NOPATIENT,24000,15069,634,sim
33.0,0.07,1.8,1,2,1,NORMAL,34000,32494,657,sim
33.0,0.07,1.8,1,2,1,NORMAL,71000,32606,1374,sim
35.0,0.07,1.8,1,2,1,NOPATIENT,98000,34398,2588,sim
36.0,0.07,1.8,1,2,1,NOPATIENT,84000,35843,2198,sim
4.0,0.07,1.8,0,3,1,PATIENT,10000,3473,129,sim
5.0,0.07,1.8,0,3,1,PATIENT,11000,4471,147,sim
5.0,0.07,1.8,0,3,1,NOPATIENT,11000,4483,273,sim
5.0,0.07,1.8,0,3,1,NOPATIENT,7000,4657,176,sim
10.0,0.07,1.8,0,3,1,PATIENT,31000,9678,410,sim
11.0,0.07,1.8,0,3,1,PATIENT,29000,10361,395,sim
16.0,0.07,1.8,0,3,1,NOPATIENT,31000,15478,816,sim
20.0,0.07,1.8,0,3,1,PATIENT,21000,19481,285,sim
22.0,0.07,1.8,0,3,1,PATIENT,34000,21328,452,sim
26.0,0.07,1.8,0,3,1,NORMAL,56000,25703,1094,sim
28.0,0.07,1.8,0,3,1,NOPATIENT,80000,27667,2096,sim
40.0,0.07,1.8,0,3,1,NOPATIENT,40000,40006,1034,nao
41.0,0.07,1.8,0,3,1,NORMAL,41000,41002,799,nao
42.0,0.07,1.8,0,3,1,NOPATIENT,27000,27002,694,nao
48.0,0.07,1.8,0,3,1,NORMAL,33000,33002,629,nao
3.0,0.07,1.8,2,1,1,NORMAL,7000,2572,134,sim
5.0,0.07,1.8,2,1,1,PATIENT,10000,4522,124,sim
7.0,0.07,1.8,2,1,1,NOPATIENT,16000,6534,403,sim
9.0,0.07,1.8,2,1,1,NORMAL,13000,8540,243,sim
10.0,0.07,1.8,2,1,1,NORMAL,35000,9464,666,sim
13.0,0.07,1.8,2,1,1,NORMAL,16000,12482,294,sim
13.0,0.07,1.8,2,1,1,NORMAL,21000,12515,403,sim
13.0,0.07,1.8,2,1,1,NOPATIENT,20000,12740,529,sim
15.0,0.07,1.8,2,1,1,NORMAL,17000,14435,324,sim
18.0,0.07,1.8,2,1,1,NOPATIENT,50000,17771,1320,sim
9.0,0.07,1.8,2,2,0,PATIENT,26000,8349,341,sim
13.0,0.07,1.8,2,2,0,NOPATIENT,38000,13325,995,sim
16.0,0.07,1.8,2,2,0,NOPATIENT,43000,15431,1127,sim
16.0,0.07,1.8,2,2,0,NOPATIENT,44000,16255,1158,sim
18.0,0.07,1.8,2,2,0,NORMAL,26000,17807,506,sim
19.0,0.07,1.8,2,2,0,NORMAL,8000,4077,153,sim
22.0,0.07,1.8,2,2,0,PATIENT,32000,21437,427,sim
22.0,0.07,1.8,2,2,0,NORMAL,48000,21865,921,sim
25.0,0.07,1.8,2,2,0,NORMAL,45000,25313,872,sim
26.0,0.07,1.8,2,2,0,PATIENT,53000,25356,719,sim
27.0,0.07,1.8,2,2,0,NOPATIENT,19000,12054,478,sim
27.0,0.07,1.8,2,2,0,NOPATIENT,20000,12073,514,sim
4.0,0.07,2.0,0,2,2,NORMAL,10000,3306,193,sim
4.0,0.07,2.0,0,2,2,NOPATIENT,8000,3402,199,sim
8.0,0.07,2.0,0,2,2,NORMAL,26000,7348,502,sim
15.0,0.07,2.0,0,2,2,NOPATIENT,20000,14352,519,sim
16.0,0.07,2.0,0,2,2,NOPATIENT,34000,15269,886,sim
16.0,0.07,2.0,0,2,2,NOPATIENT,47000,15669,1231,sim
20.0,0.07,2.0,0,2,2,NORMAL,44000,19629,853,sim
21.0,0.07,2.0,0,2,2,PATIENT,19000,6046,251,sim
24.0,0.07,2.0,0,2,2,PATIENT,50000,23352,677,sim
25.0,0.07,2.0,0,2,2,PATIENT,78000,24650,1052,sim
31.0,0.07,2.0,0,2,2,NOPATIENT,89000,30627,2344,sim
32.0,0.07,2.0,0,2,2,NOPATIENT,28000,17062,718,sim
32.0,0.07,2.0,0,2,2,PATIENT,35000,17079,473,sim
35.0,0.07,2.0,0,2,2,NORMAL,40000,34363,771,sim
37.0,0.07,2.0,0,2,2,PATIENT,124000,21513,1681,sim
38.0,0.07,2.0,0,2,2,NOPATIENT,64000,37690,1690,sim
45.0,0.07,2.0,0,2,2,NOPATIENT,83000,44296,2181,sim
46.0,0.07,2.0,0,2,2,PATIENT,64000,45661,864,sim
55.0,0.07,2.0,0,2,2,NORMAL,76000,54661,1479,sim
56.0,0.07,2.0,0,2,2,NOPATIENT,55000,40531,1446,sim
58.0,0.07,2.0,0,2,2,NOPATIENT,78000,57634,2044,sim
58.0,0.07,2.0,0,2,2,PATIENT,113000,57662,1529,sim
65.0,0.07,2.0,0,2,2,NORMAL,9000,9437,157,nao
68.0,0.07,2.0,0,2,2,NORMAL,68000,68004,1328,nao
72.0,0.07,2.0,0,2,2,NOPATIENT,61000,56374,1613,sim
72.0,0.07,2.0,0,2,2,NORMAL,25000,16447,480,sim
75.0,0.07,2.0,0,2,2,NOPATIENT,41000,19451,1066,sim
82.0,0.07,2.0,0,2,2,PATIENT,67000,67002,913,nao
83.0,0.07,2.0,0,2,2,PATIENT,68000,68005,919,nao
88.0,0.07,2.0,0,2,2,NORMAL,105000,32465,2048,sim
90.0,0.07,2.0,0,2,2,NOPATIENT,75000,75003,1963,nao
93.0,0.07,2.0,0,2,2,NORMAL,131000,92376,2553,sim
94.0,0.07,2.0,0,2,2,NOPATIENT,93000,38478,2447,sim
98.0,0.07,2.0,0,2,2,NORMAL,87000,82437,1696,sim
98.0,0.07,2.0,0,2,2,PATIENT,98000,98003,1326,nao
98.0,0.07,2.0,0,2,2,NORMAL,98000,98003,1907,nao
99.0,0.07,2.0,0,2,2,NORMAL,44000,44003,851,nao
99.0,0.07,2.0,0,2,2,NORMAL,9000,4042,158,sim
99.0,0.07,2.0,0,2,2,NORMAL,7000,4068,131,sim
100.0,0.07,2.0,0,2,2,NORMAL,11000,5033,213,sim
106.0,0.07,2.0,0,2,2,NORMAL,16000,11052,294,sim
112.0,0.07,2.0,0,2,2,NORMAL,70000,56517,1353,sim
114.0,0.07,2.0,0,2,2,NORMAL,100000,98478,1939,sim
114.0,0.07,2.0,0,2,2,NORMAL,114000,114002,2211,nao
115.0,0.07,2.0,0,2,2,NOPATIENT,25000,20029,637,sim
117.0,0.07,2.0,0,2,2,NOPATIENT,64000,21545,1671,sim
118.0,0.07,2.0,0,2,2,PATIENT,63000,63002,854,nao
119.0,0.07,2.0,0,2,2,PATIENT,147000,63527,1996,sim
131.0,0.07,2.0,0,2,2,NOPATIENT,36000,36004,937,nao
133.0,0.07,2.0,0,2,2,NORMAL,133000,133005,2592,nao
136.0,0.07,2.0,0,2,2,NOPATIENT,41000,41002,1077,nao
136.0,0.07,2.0,0,2,2,PATIENT,136000,136003,1850,nao
137.0,0.07,2.0,0,2,2,PATIENT,75000,41739,1017,sim
140.0,0.07,2.0,0,2,2,NORMAL,49000,44765,958,sim
142.0,0.07,2.0,0,2,2,NORMAL,24000,7041,469,sim
144.0,0.07,2.0,0,2,2,NORMAL,51000,48765,987,sim
146.0,0.07,2.0,0,2,2,NORMAL,131000,131003,2550,nao
147.0,0.07,2.0,0,2,2,NORMAL,18000,12046,337,sim
149.0,0.07,2.0,0,2,2,NORMAL,54000,54002,1045,nao
151.0,0.07,2.0,0,2,2,NORMAL,56000,56003,1080,nao
155.0,0.07,2.0,0,2,2,NORMAL,78000,20066,1525,sim
159.0,0.07,2.0,0,2,2,NORMAL,84000,63767,1643,sim
161.0,0.07,2.0,0,2,2,NORMAL,100000,26060,1941,sim
167.0,0.07,2.0,0,2,2,NORMAL,48000,32060,922,sim
168.0,0.07,2.0,0,2,2,PATIENT,92000,72794,1252,sim
174.0,0.07,2.0,0,2,2,PATIENT,188000,38817,2561,sim
174.0,0.07,2.0,0,2,2,PATIENT,159000,159004,2156,nao
174.0,0.07,2.0,0,2,2,NORMAL,50000,39072,966,sim
179.0,0.07,2.0,0,2,2,PATIENT,174000,123809,2369,sim
186.0,0.07,2.0,0,2,2,PATIENT,186000,186003,2533,nao
190.0,0.07,2.0,0,2,2,PATIENT,15000,15015,204,nao
197.0,0.07,2.0,0,2,2,NOPATIENT,62000,62004,1622,nao
201.0,0.07,2.0,0,2,2,PATIENT,146000,146004,1981,nao
204.0,0.07,2.0,0,2,2,PATIENT,109000,109004,1474,nao
206.0,0.07,2.0,0,2,2,NORMAL,52000,31107,1000,sim
208.0,0.07,2.0,0,2,2,PATIENT,49000,33103,668,sim
216.0,0.07,2.0,0,2,2,NORMAL,121000,41115,2367,sim
216.0,0.07,2.0,0,2,2,NOPATIENT,68000,41126,1775,sim
218.0,0.07,2.0,0,2,2,NORMAL,113000,83118,2209,sim
219.0,0.07,2.0,0,2,2,PATIENT,164000,164003,2229,nao
223.0,0.07,2.0,0,2,2,PATIENT,25000,8040,336,sim
225.0,0.07,2.0,0,2,2,PATIENT,51000,50136,691,sim
226.0,0.07,2.0,0,2,2,NOPATIENT,31000,11038,819,sim
227.0,0.07,2.0,0,2,2,PATIENT,59000,52139,793,sim
228.0,0.07,2.0,0,2,2,NOPATIENT,53000,53002,1401,nao
231.0,0.07,2.0,0,2,2,NOPATIENT,96000,96002,2539,nao
234.0,0.07,2.0,0,2,2,NOPATIENT,54000,19054,1414,sim
240.0,0.07,2.0,0,2,2,NORMAL,65000,65004,1254,nao
241.0,0.07,2.0,0,2,2,NORMAL,106000,106004,2056,nao
249.0,0.07,2.0,0,2,2,NORMAL,114000,114003,2218,nao
250.0,0.07,2.0,0,2,2,NOPATIENT,34000,35140,897,nao
250.0,0.07,2.0,0,2,2,PATIENT,128000,75139,1740,sim
252.0,0.07,2.0,0,2,2,PATIENT,37000,37161,502,nao
259.0,0.07,2.0,0,2,2,PATIENT,124000,124003,1685,nao
263.0,0.07,2.0,0,2,2,PATIENT,14000,7780,188,sim
269.0,0.07,2.0,0,2,2,NORMAL,19000,13776,366,sim
269.0,0.07,2.0,0,2,2,PATIENT,94000,94003,1269,nao
270.0,0.07,2.0,0,2,2,PATIENT,135000,135003,1828,nao
271.0,0.07,2.0,0,2,2,PATIENT,32000,15802,426,sim
277.0,0.07,2.0,0,2,2,NOPATIENT,36000,22253,932,sim
3.0,0.07,2.0,2,1,1,NORMAL,7000,2428,128,sim
5.0,0.07,2.0,2,1,1,NORMAL,13000,4334,246,sim
11.0,0.07,2.0,2,1,1,PATIENT,31000,10372,411,sim
11.0,0.07,2.0,2,1,1,PATIENT,11000,11006,146,nao
17.0,0.07,2.0,2,1,1,NOPATIENT,39000,16440,1026,sim
18.0,0.07,2.0,2,1,1,NOPATIENT,47000,17487,1239,sim
21.0,0.07,2.0,2,1,1,NOPATIENT,7000,5371,175,sim
22.0,0.07,2.0,2,1,1,NOPATIENT,64000,21862,1672,sim
25.0,0.07,2.0,2,1,1,NOPATIENT,10000,10004,245,nao
29.0,0.07,2.0,2,1,1,NORMAL,62000,28820,1208,sim
39.0,0.07,2.0,2,1,1,NORMAL,29000,23393,563,sim
39.0,0.07,2.0,2,1,1,NOPATIENT,39000,39005,1017,nao
47.0,0.07,2.0,2,1,1,NOPATIENT,47000,47003,1227,nao
49.0,0.07,2.0,2,1,1,NOPATIENT,53000,33214,1381,sim
49.0,0.07,2.0,2,1,1,NORMAL,33000,33445,630,nao
50.0,0.07,2.0,2,1,1,NORMAL,35000,35003,668,nao
52.0,0.07,2.0,2,1,1,NORMAL,52000,52002,1005,nao
6.0,0.07,2.0,2,2,0,NORMAL,18000,5397,352,sim
13.0,0.07,2.0,2,2,0,PATIENT,38000,12487,512,sim
19.0,0.07,2.0,2,2,0,NOPATIENT,37000,18345,977,sim
21.0,0.07,2.0,2,2,0,NOPATIENT,34000,20721,898,sim
24.0,0.07,2.0,2,2,0,NOPATIENT,67000,23441,1768,sim
24.0,0.07,2.0,2,2,0,NOPATIENT,14000,9051,369,sim
25.0,0.07,2.0,2,2,0,NOPATIENT,69000,24606,1816,sim
25.0,0.07,2.0,2,2,0,PATIENT,20000,10085,263,sim
37.0,0.07,2.0,2,2,0,NORMAL,45000,36608,864,sim
39.0,0.07,2.0,2,2,0,NORMAL,39000,39003,757,nao
41.0,0.07,2.0,2,2,0,NORMAL,41000,41004,795,nao
49.0,0.07,2.0,2,2,0,NORMAL,49000,49003,954,nao
52.0,0.07,2.0,2,2,0,NOPATIENT,94000,51359,2488,sim
57.0,0.07,2.0,2,2,0,NORMAL,77000,41641,1503,sim
68.0,0.07,2.0,2,2,0,NORMAL,13000,13003,249,nao
74.0,0.07,2.0,2,2,0,NORMAL,74000,74003,1432,nao
75.0,0.07,2.0,2,2,0,NOPATIENT,20000,20002,505,nao
4.0,0.07,2.0,2,1,1,NORMAL,12000,3396,229,sim
10.0,0.07,2.0,2,1,1,NORMAL,23000,9379,442,sim
13.0,0.07,2.0,2,1,1,NOPATIENT,36000,12815,946,sim
4.0,0.07,2.0,1,1,2,NOPATIENT,7000,3329,182,sim
4.0,0.07,2.0,1,1,2,NORMAL,16000,4290,306,sim
6.0,0.07,2.0,1,1,2,NORMAL,19000,5277,364,sim
12.0,0.07,2.0,1,1,2,NOPATIENT,23000,12299,603,sim
13.0,0.07,2.0,1,1,2,NOPATIENT,38000,12778,995,sim
13.0,0.07,2.0,1,1,2,NOPATIENT,37000,12791,978,sim
14.0,0.07,2.0,1,1,2,NOPATIENT,23000,13289,592,sim
21.0,0.07,2.0,1,1,2,NOPATIENT,25000,21236,636,sim
23.0,0.07,2.0,1,1,2,PATIENT,52000,22739,697,sim
26.0,0.07,2.0,1,1,2,PATIENT,59000,10435,800,sim
7.0,0.07,2.0,1,1,2,PATIENT,37000,6783,491,sim
8.0,0.07,2.0,1,1,2,NOPATIENT,23000,8356,598,sim
12.0,0.07,2.0,1,1,2,NORMAL,13000,12325,245,sim
14.0,0.07,2.0,1,1,2,NOPATIENT,38000,13773,1004,sim
16.0,0.07,2.0,1,1,2,NOPATIENT,47000,16241,1219,sim
18.0,0.07,2.0,1,1,2,NOPATIENT,31000,17767,806,sim
19.0,0.07,2.0,1,1,2,NOPATIENT,20000,19295,515,sim
20.0,0.07,2.0,1,1,2,NOPATIENT,57000,20194,1491,sim
12.0,0.07,2.0,3,0,1,NOPATIENT,34000,11697,880,sim
14.0,0.07,2.0,3,0,1,NORMAL,12000,13631,224,nao
14.0,0.07,2.0,3,0,1,NORMAL,13000,13615,253,nao
16.0,0.07,2.0,3,0,1,NORMAL,24000,15725,452,sim
20.0,0.07,2.0,3,0,1,NOPATIENT,4000,4655,104,nao
20.0,0.07,2.0,3,0,1,NOPATIENT,19000,19529,501,nao
20.0,0.07,2.0,3,0,1,NOPATIENT,18000,19574,468,nao
21.0,0.07,2.0,3,0,1,NORMAL,21000,21006,410,nao
26.0,0.07,2.0,3,0,1,NOPATIENT,8000,10502,194,nao
33.0,0.07,2.0,3,0,1,NOPATIENT,93000,33088,2461,sim
39.0,0.07,2.0,3,0,1,NOPATIENT,39000,39004,1008,nao
46.0,0.07,2.0,3,0,1,NORMAL,46000,46003,893,nao
49.0,0.07,2.0,3,0,1,NORMAL,34000,34002,649,nao
50.0,0.07,2.0,3,0,1,NOPATIENT,35000,35003,903,nao
53.0,0.07,2.0,3,0,1,NORMAL,38000,38004,725,nao
61.0,0.07,2.0,3,0,1,NOPATIENT,61000,61003,1589,nao
62.0,0.07,2.0,3,0,1,NORMAL,62000,62004,1205,nao
62.0,0.07,2.0,3,0,1,NOPATIENT,83000,62125,2189,sim
65.0,0.07,2.0,3,0,1,PATIENT,65000,65003,874,nao
68.0,0.07,2.0,3,0,1,PATIENT,13000,13004,168,nao
3.0,0.07,2.0,0,1,3,NORMAL,11000,2877,213,sim
4.0,0.07,2.0,0,1,3,PATIENT,20000,3878,265,sim
7.0,0.07,2.0,0,1,3,NORMAL,11000,6870,207,sim
10.0,0.07,2.0,0,1,3,PATIENT,30000,10349,397,sim
13.0,0.07,2.0,0,1,3,NORMAL,37000,12880,705,sim
19.0,0.07,2.0,0,1,3,NOPATIENT,53000,18912,1401,sim
19.0,0.07,2.0,0,1,3,NOPATIENT,54000,19193,1416,sim
23.0,0.07,2.0,0,1,3,NOPATIENT,6000,7543,135,nao
28.0,0.07,2.0,0,1,3,NOPATIENT,61000,27824,1607,sim
28.0,0.07,2.0,0,1,3,NORMAL,34000,28175,659,sim
28.0,0.07,2.0,0,1,3,NOPATIENT,29000,28271,756,sim
29.0,0.07,2.0,0,1,3,NOPATIENT,13000,13644,318,nao
29.0,0.07,2.0,0,1,3,NOPATIENT,14000,14004,356,nao
37.0,0.07,2.0,0,1,3,PATIENT,122000,36555,1653,sim
46.0,0.07,2.0,0,1,3,PATIENT,91000,45417,1228,sim
50.0,0.07,2.0,0,1,3,PATIENT,72000,49538,972,sim
51.0,0.07,2.0,0,1,3,PATIENT,51000,51003,687,nao
53.0,0.07,2.0,0,1,3,PATIENT,38000,38004,510,nao
54.0,0.07,2.0,0,1,3,NORMAL,113000,53634,2195,sim
56.0,0.07,2.0,0,1,3,NOPATIENT,41000,41004,1077,nao
57.0,0.07,2.0,0,1,3,NOPATIENT,57000,57005,1493,nao
58.0,0.07,2.0,0,1,3,NORMAL,59000,42437,1145,sim
63.0,0.07,2.0,0,1,3,NOPATIENT,8000,8004,188,nao
66.0,0.07,2.0,0,1,3,NOPATIENT,51000,51003,1324,nao
69.0,0.07,2.0,0,1,3,NOPATIENT,54000,54002,1422,nao
75.0,0.07,2.0,0,1,3,NORMAL,114000,74453,2212,sim
78.0,0.07,2.0,0,1,3,PATIENT,78000,78004,1057,nao
6.0,0.07,2.0,1,1,1,NORMAL,20000,5753,381,sim
13.0,0.07,2.0,1,1,1,NOPATIENT,13000,13005,333,nao
13.0,0.07,2.0,1,1,1,PATIENT,27000,13356,364,sim
14.0,0.07,2.0,1,1,1,PATIENT,26000,14311,342,sim
15.0,0.07,2.0,1,1,1,NOPATIENT,31000,15301,817,sim
17.0,0.07,2.0,1,1,1,PATIENT,40000,17206,533,sim
24.0,0.07,2.0,1,1,1,NOPATIENT,24000,24004,623,nao
24.0,0.07,2.0,1,1,1,PATIENT,43000,24508,586,sim
25.0,0.07,2.0,1,1,1,NOPATIENT,62000,25505,1619,sim
25.0,0.07,2.0,1,1,1,NORMAL,47000,25521,913,sim
27.0,0.07,2.0,1,1,1,NOPATIENT,67000,27212,1763,sim
39.0,0.07,2.0,1,1,1,PATIENT,39000,39004,528,nao
39.0,0.07,2.0,1,1,1,PATIENT,69000,39239,934,sim
40.0,0.07,2.0,1,1,1,NORMAL,58000,40379,1119,sim
11.0,0.07,2.0,2,1,0,NOPATIENT,10000,10878,261,nao
12.0,0.07,2.0,2,1,0,NOPATIENT,32000,11410,842,sim
3.0,0.07,2.0,1,1,1,NOPATIENT,9000,3194,217,sim
10.0,0.07,2.0,1,1,1,NOPATIENT,16000,9767,415,sim
12.0,0.07,2.0,1,1,1,NORMAL,44000,11348,844,sim
17.0,0.07,2.0,1,1,1,PATIENT,54000,17302,731,sim
18.0,0.07,2.0,1,1,1,NOPATIENT,53000,17774,1378,sim
24.0,0.07,2.0,1,1,1,NORMAL,30000,23754,577,sim
26.0,0.07,2.0,1,1,1,NOPATIENT,71000,25438,1857,sim
27.0,0.07,2.0,1,1,1,NOPATIENT,70000,27220,1834,sim
32.0,0.07,2.0,1,1,1,NORMAL,33000,32313,630,sim
40.0,0.07,2.0,1,1,1,NORMAL,84000,39748,1637,sim
41.0,0.07,2.0,1,1,1,NORMAL,113000,40382,2209,sim
43.0,0.07,2.0,1,1,1,NORMAL,67000,42461,1306,sim
45.0,0.07,2.0,1,1,1,NOPATIENT,53000,45241,1385,sim
50.0,0.07,2.0,1,1,1,PATIENT,82000,49791,1114,sim
54.0,0.07,2.0,1,1,1,PATIENT,67000,53341,902,sim
58.0,0.07,2.0,1,1,1,PATIENT,123000,57882,1671,sim
60.0,0.07,2.0,1,1,1,NORMAL,74000,59399,1444,sim
71.0,0.07,2.0,1,1,1,NOPATIENT,75000,71252,1964,sim
72.0,0.07,2.0,1,1,1,NOPATIENT,93000,71788,2445,sim
76.0,0.07,2.0,1,1,1,PATIENT,87000,75409,1176,sim
78.0,0.07,2.0,1,1,1,PATIENT,89000,77825,1204,sim
80.0,0.07,2.0,1,1,1,PATIENT,82000,79376,1107,sim
98.0,0.07,2.0,1,1,1,NORMAL,100000,97813,1941,sim
100.0,0.07,2.0,1,1,1,NORMAL,114000,100266,2226,sim
119.0,0.07,2.0,1,1,1,PATIENT,130000,118960,1764,sim
7.0,0.07,2.0,1,1,1,PATIENT,14000,6642,181,sim
9.0,0.07,2.0,1,1,1,NORMAL,28000,8358,547,sim
9.0,0.07,2.0,1,1,1,NORMAL,30000,8430,577,sim
10.0,0.07,2.0,1,1,1,NORMAL,10000,10009,180,nao
12.0,0.07,2.0,1,1,1,NORMAL,27000,11679,516,sim
12.0,0.07,2.0,1,1,1,NORMAL,46000,11630,892,sim
13.0,0.07,2.0,1,1,1,NOPATIENT,34000,12307,877,sim
15.0,0.07,2.0,1,1,1,NOPATIENT,16000,14362,423,sim
15.0,0.07,2.0,1,1,1,NORMAL,59000,15198,1153,sim
17.0,0.07,2.0,1,1,1,PATIENT,11000,5179,143,sim
19.0,0.07,2.0,1,1,1,NORMAL,22000,18310,422,sim
19.0,0.07,2.0,1,1,1,NOPATIENT,11000,7069,270,sim
19.0,0.07,2.0,1,1,1,PATIENT,23000,19201,305,sim
19.0,0.07,2.0,1,1,1,PATIENT,15000,7346,192,sim
22.0,0.07,2.0,1,1,1,NOPATIENT,16000,10252,421,sim
23.0,0.07,2.0,1,1,1,NORMAL,24000,22645,465,sim
27.0,0.07,2.0,1,1,1,NOPATIENT,34000,26381,876,sim
29.0,0.07,2.0,1,1,1,NORMAL,39000,28322,750,sim
29.0,0.07,2.0,1,1,1,NOPATIENT,27000,17158,703,sim
31.0,0.07,2.0,1,1,1,NORMAL,72000,30658,1395,sim
37.0,0.07,2.0,1,1,1,NORMAL,37000,25112,707,sim
41.0,0.07,2.0,1,1,1,NORMAL,114000,28651,2226,sim
43.0,0.07,2.0,1,1,1,PATIENT,66000,42674,898,sim
45.0,0.07,2.0,1,1,1,NOPATIENT,75000,45216,1959,sim
48.0,0.07,2.0,1,1,1,PATIENT,87000,47693,1180,sim
49.0,0.07,2.0,1,1,1,NORMAL,43000,36364,831,sim
50.0,0.07,2.0,1,1,1,NOPATIENT,67000,37560,1751,sim
51.0,0.07,2.0,1,1,1,PATIENT,14000,14020,188,nao
52.0,0.07,2.0,1,1,1,NORMAL,65000,40322,1253,sim
53.0,0.07,2.0,1,1,1,NOPATIENT,70000,40471,1836,sim
54.0,0.07,2.0,1,1,1,NOPATIENT,17000,17222,438,nao
58.0,0.07,2.0,1,1,1,NOPATIENT,21000,21004,538,nao
59.0,0.07,2.0,1,1,1,PATIENT,77000,59204,1042,sim
66.0,0.07,2.0,1,1,1,PATIENT,73000,53503,985,sim
69.0,0.07,2.0,1,1,1,NOPATIENT,57000,57003,1490,nao
69.0,0.07,2.0,1,1,1,NORMAL,69000,69003,1335,nao
70.0,0.07,2.0,1,1,1,NORMAL,33000,33004,637,nao
70.0,0.07,2.0,1,1,1,PATIENT,33000,33003,443,nao
73.0,0.07,2.0,1,1,1,PATIENT,36000,36003,481,nao
73.0,0.07,2.0,1,1,1,PATIENT,61000,61003,825,nao
74.0,0.07,2.0,1,1,1,NOPATIENT,37000,37002,962,nao
76.0,0.07,2.0,1,1,1,NORMAL,76000,76003,1478,nao
77.0,0.07,2.0,1,1,1,NOPATIENT,40000,39957,1055,sim
77.0,0.07,2.0,1,1,1,NORMAL,40000,40003,766,nao
78.0,0.07,2.0,1,1,1,NOPATIENT,41000,41004,1072,nao
78.0,0.07,2.0,1,1,1,NOPATIENT,41000,41003,1077,nao
79.0,0.07,2.0,1,1,1,NOPATIENT,68000,67335,1779,sim
84.0,0.07,2.0,1,1,1,NOPATIENT,47000,47003,1223,nao
88.0,0.07,2.0,1,1,1,NORMAL,85000,75521,1650,sim
88.0,0.07,2.0,1,1,1,NOPATIENT,51000,51003,1338,nao
90.0,0.07,2.0,1,1,1,NORMAL,78000,78003,1514,nao
91.0,0.07,2.0,1,1,1,NOPATIENT,29000,29003,750,nao
93.0,0.07,2.0,1,1,1,NORMAL,31000,31002,593,nao
96.0,0.07,2.0,1,1,1,NOPATIENT,84000,84004,2217,nao
96.0,0.07,2.0,1,1,1,NORMAL,96000,96003,1876,nao
4.0,0.07,2.0,0,3,0,PATIENT,8000,3379,103,sim
4.0,0.07,2.0,0,3,0,NOPATIENT,10000,4410,249,sim
6.0,0.07,2.0,0,3,0,NOPATIENT,9000,5834,216,sim
6.0,0.07,2.0,0,3,0,PATIENT,19000,6391,256,sim
10.0,0.07,2.0,0,3,0,NORMAL,10000,10007,193,nao
10.0,0.07,2.0,0,3,0,NOPATIENT,16000,10400,416,sim
13.0,0.07,2.0,0,3,0,NORMAL,19000,12384,360,sim
13.0,0.07,2.0,0,3,0,PATIENT,16000,13352,211,sim
19.0,0.07,2.0,0,3,0,NOPATIENT,55000,19315,1454,sim
19.0,0.07,2.0,0,3,0,NOPATIENT,21000,19411,550,sim
27.0,0.07,2.0,0,3,0,NORMAL,59000,26892,1144,sim
28.0,0.07,2.0,0,3,0,NOPATIENT,29000,27858,758,sim
29.0,0.07,2.0,0,3,0,NOPATIENT,45000,29354,1177,sim
32.0,0.07,2.0,0,3,0,PATIENT,71000,32225,968,sim
6.0,0.07,2.0,2,1,1,NORMAL,8000,5575,152,sim
7.0,0.07,2.0,2,1,1,NORMAL,21000,6373,401,sim
7.0,0.07,2.0,2,1,1,NOPATIENT,20000,6851,527,sim
11.0,0.07,2.0,2,1,1,NOPATIENT,28000,10349,740,sim
15.0,0.07,2.0,2,1,1,PATIENT,23000,14348,303,sim
17.0,0.07,2.0,2,1,1,NOPATIENT,27000,16323,695,sim
18.0,0.07,2.0,2,1,1,NOPATIENT,32000,17593,840,sim
21.0,0.07,2.0,2,1,1,NOPATIENT,57000,20292,1506,sim
23.0,0.07,2.0,2,1,1,PATIENT,32000,22322,426,sim
37.0,0.07,2.0,2,1,1,PATIENT,36000,36492,482,nao
51.0,0.07,2.0,2,1,1,NOPATIENT,63000,50471,1653,sim
53.0,0.07,2.0,2,1,1,PATIENT,53000,53004,720,nao
67.0,0.07,2.0,2,1,1,NORMAL,67000,67004,1300,nao
83.0,0.07,2.0,2,1,1,NORMAL,115000,82301,2232,sim
86.0,0.07,2.0,2,1,1,PATIENT,86000,86004,1168,nao
87.0,0.07,2.0,2,1,1,NORMAL,87000,87002,1696,nao
2.0,0.07,2.0,0,0,3,NOPATIENT,5000,2300,125,sim
9.0,0.07,2.0,0,0,3,NOPATIENT,24000,9340,618,sim
10.0,0.07,2.0,0,0,3,NORMAL,34000,9379,653,sim
12.0,0.07,2.0,0,0,3,NOPATIENT,12000,12006,295,nao
14.0,0.07,2.0,0,0,3,NOPATIENT,34000,14292,890,sim
15.0,0.07,2.0,0,0,3,PATIENT,8000,3119,103,sim
19.0,0.07,2.0,0,0,3,NOPATIENT,53000,18421,1382,sim
19.0,0.07,2.0,0,0,3,PATIENT,21000,7186,282,sim
25.0,0.07,2.0,0,0,3,PATIENT,38000,13157,518,sim
33.0,0.07,2.0,0,0,3,NORMAL,127000,32789,2480,sim
39.0,0.07,2.0,0,0,3,NORMAL,27000,27132,518,nao
44.0,0.07,2.0,0,0,3,NOPATIENT,32000,32105,827,nao
50.0,0.07,2.0,0,0,3,PATIENT,91000,49777,1237,sim
52.0,0.07,2.0,0,0,3,NOPATIENT,44000,40156,1157,sim
58.0,0.07,2.0,0,0,3,PATIENT,21000,21100,279,nao
63.0,0.07,2.0,0,0,3,NORMAL,51000,51003,997,nao
65.0,0.07,2.0,0,0,3,PATIENT,28000,28004,369,nao
65.0,0.07,2.0,0,0,3,NOPATIENT,65000,65002,1704,nao
67.0,0.07,2.0,0,0,3,NOPATIENT,55000,55003,1440,nao
67.0,0.07,2.0,0,0,3,NOPATIENT,67000,67003,1758,nao
70.0,0.07,2.0,0,0,3,NOPATIENT,8000,8002,186,nao
70.0,0.07,2.0,0,0,3,NOPATIENT,58000,58003,1526,nao
71.0,0.07,2.0,0,0,3,NOPATIENT,9000,9002,213,nao
72.0,0.07,2.0,0,0,3,NOPATIENT,72000,72003,1890,nao
72.0,0.07,2.0,0,0,3,NOPATIENT,72000,72002,1880,nao
72.0,0.07,2.0,0,0,3,NORMAL,60000,60003,1156,nao
79.0,0.07,2.0,0,0,3,NOPATIENT,17000,17002,445,nao
79.0,0.07,2.0,0,0,3,NOPATIENT,79000,79003,2075,nao
81.0,0.07,2.0,0,0,3,NOPATIENT,81000,81002,2133,nao
82.0,0.07,2.0,0,0,3,NOPATIENT,82000,82004,2150,nao
83.0,0.07,2.0,0,0,3,NORMAL,71000,71002,1386,nao
84.0,0.07,2.0,0,0,3,NOPATIENT,84000,84004,2203,nao
86.0,0.07,2.0,0,0,3,PATIENT,86000,86004,1165,nao
87.0,0.07,2.0,0,0,3,NORMAL,87000,87003,1695,nao
88.0,0.07,2.0,0,0,3,NOPATIENT,88000,88003,2329,nao
88.0,0.07,2.0,0,0,3,NOPATIENT,51000,51004,1346,nao
89.0,0.07,2.0,0,0,3,NOPATIENT,52000,52003,1357,nao
89.0,0.07,2.0,0,0,3,NOPATIENT,52000,52003,1358,nao
89.0,0.07,2.0,0,0,3,NORMAL,77000,77003,1501,nao
5.0,0.07,2.0,1,1,2,NOPATIENT,9000,4298,236,sim
10.0,0.07,2.0,1,1,2,NOPATIENT,28000,10224,724,sim
11.0,0.07,2.0,1,1,2,NORMAL,42000,10770,817,sim
17.0,0.07,2.0,1,1,2,NOPATIENT,45000,16387,1178,sim
21.0,0.07,2.0,1,1,2,NOPATIENT,28000,20744,715,sim
23.0,0.07,2.0,1,1,2,NOPATIENT,33000,22239,849,sim
25.0,0.07,2.0,1,1,2,NORMAL,78000,24315,1516,sim
26.0,0.07,2.0,1,1,2,NORMAL,103000,25753,1996,sim
29.0,0.07,2.0,1,1,2,NOPATIENT,33000,28401,861,sim
29.0,0.07,2.0,1,1,2,NORMAL,31000,28744,587,sim
29.0,0.07,2.0,1,1,2,PATIENT,61000,28830,829,sim
33.0,0.07,2.0,1,1,2,NORMAL,71000,32809,1381,sim
36.0,0.07,2.0,1,1,2,NORMAL,41000,35330,791,sim
45.0,0.07,2.0,1,1,2,PATIENT,48000,44343,649,sim
54.0,0.07,2.0,1,1,2,NOPATIENT,71000,53739,1869,sim
55.0,0.07,2.0,1,1,2,NOPATIENT,76000,54460,1994,sim
58.0,0.07,2.0,1,1,2,NORMAL,126000,57775,2455,sim
70.0,0.07,2.0,1,1,2,NOPATIENT,71000,69383,1862,sim
77.0,0.07,2.0,1,1,2,PATIENT,105000,76775,1430,sim
79.0,0.07,2.0,1,1,2,PATIENT,105000,78909,1426,sim
80.0,0.07,2.0,1,1,2,NORMAL,102000,79773,1991,sim
4.0,0.07,2.0,1,2,4,NOPATIENT,11000,3865,280,sim
7.0,0.07,2.0,1,2,4,NOPATIENT,20000,6666,524,sim
15.0,0.07,2.0,1,2,4,PATIENT,43000,14665,584,sim
19.0,0.07,2.0,1,2,4,NOPATIENT,54000,18919,1417,sim
25.0,0.07,2.0,1,2,4,NOPATIENT,60000,24904,1571,sim
25.0,0.07,2.0,1,2,4,NORMAL,54000,24973,1050,sim
26.0,0.07,2.0,1,2,4,NOPATIENT,76000,25703,1986,sim
41.0,0.07,2.0,1,2,4,NORMAL,45000,40725,877,sim
72.0,0.07,2.0,1,2,4,NORMAL,122000,71768,2383,sim
3.0,0.07,2.0,1,1,1,NORMAL,8000,2386,141,sim
3.0,0.07,2.0,1,1,1,PATIENT,8000,3297,107,sim
6.0,0.07,2.0,1,1,1,NOPATIENT,17000,5787,424,sim
6.0,0.07,2.0,1,1,1,NORMAL,23000,6256,440,sim
7.0,0.07,2.0,1,1,1,NORMAL,15000,6511,285,sim
9.0,0.07,2.0,1,1,1,PATIENT,18000,8767,238,sim
9.0,0.07,2.0,1,1,1,PATIENT,17000,9297,229,sim
10.0,0.07,2.0,1,1,1,NORMAL,34000,9340,648,sim
12.0,0.07,2.0,1,1,1,NOPATIENT,16000,11796,403,sim
14.0,0.07,2.0,1,1,1,PATIENT,18000,13331,243,sim
14.0,0.07,2.0,1,1,1,PATIENT,42000,14263,567,sim
23.0,0.07,2.0,1,1,1,NORMAL,49000,22769,947,sim
23.0,0.07,2.0,1,1,1,NOPATIENT,30000,22804,776,sim
29.0,0.07,2.0,1,1,1,NOPATIENT,32000,29323,839,sim
80.0,0.07,2.0,1,1,1,PATIENT,80000,80004,1085,nao
88.0,0.07,2.0,1,1,1,PATIENT,88000,88002,1191,nao
91.0,0.07,2.0,1,1,1,NOPATIENT,91000,91003,2396,nao
95.0,0.07,2.0,1,1,1,NOPATIENT,95000,95005,2513,nao
96.0,0.07,2.0,1,1,1,NOPATIENT,96000,96004,2537,nao
97.0,0.07,2.0,1,1,1,PATIENT,182000,97060,2481,sim
99.0,0.07,2.0,1,1,1,PATIENT,99000,99004,1345,nao
113.0,0.07,2.0,1,1,1,NORMAL,113000,113004,2196,nao
123.0,0.07,2.0,1,1,1,NORMAL,123000,123004,2390,nao
132.0,0.07,2.0,1,1,1,PATIENT,132000,132004,1796,nao
2.0,0.07,2.0,1,0,2,NOPATIENT,5000,1830,127,sim
2.0,0.07,2.0,1,0,2,NOPATIENT,4000,2376,100,sim
4.0,0.07,2.0,1,0,2,NOPATIENT,12000,4374,303,sim
5.0,0.07,2.0,1,0,2,NOPATIENT,13000,5403,334,sim
8.0,0.07,2.0,1,0,2,PATIENT,23000,8274,306,sim
8.0,0.07,2.0,1,0,2,NORMAL,16000,8348,305,sim
8.0,0.07,2.0,1,0,2,NOPATIENT,9000,8356,213,sim
11.0,0.07,2.0,1,0,2,NORMAL,11000,11007,196,nao
17.0,0.07,2.0,1,0,2,NORMAL,24000,17338,464,sim
23.0,0.07,2.0,1,0,2,NORMAL,24000,23328,462,sim
24.0,0.07,2.0,1,0,2,NOPATIENT,63000,23825,1663,sim
25.0,0.07,2.0,1,0,2,NOPATIENT,7000,5072,181,sim
26.0,0.07,2.0,1,0,2,NORMAL,101000,25856,1961,sim
29.0,0.07,2.0,1,0,2,NORMAL,20000,9097,377,sim
33.0,0.07,2.0,1,0,2,NORMAL,28000,13064,543,sim
37.0,0.07,2.0,1,0,2,NOPATIENT,37000,37170,972,nao
38.0,0.07,2.0,1,0,2,PATIENT,28000,18036,374,sim
38.0,0.07,2.0,1,0,2,NOPATIENT,16000,18195,402,nao
42.0,0.07,2.0,1,0,2,NOPATIENT,51000,41819,1342,sim
51.0,0.07,2.0,1,0,2,NOPATIENT,31000,31014,799,nao
53.0,0.07,2.0,1,0,2,NORMAL,105000,52825,2050,sim
54.0,0.07,2.0,1,0,2,NORMAL,54000,54004,1041,nao
56.0,0.07,2.0,1,0,2,NOPATIENT,11000,11002,265,nao
61.0,0.07,2.0,1,0,2,NOPATIENT,15000,16088,389,nao
62.0,0.07,2.0,1,0,2,PATIENT,42000,42003,569,nao
63.0,0.07,2.0,1,0,2,NOPATIENT,18000,18004,465,nao
63.0,0.07,2.0,1,0,2,NOPATIENT,63000,63003,1648,nao
64.0,0.07,2.0,1,0,2,NOPATIENT,19000,19003,488,nao
67.0,0.07,2.0,1,0,2,PATIENT,47000,47003,640,nao
68.0,0.07,2.0,1,0,2,NORMAL,48000,48003,925,nao
68.0,0.07,2.0,1,0,2,PATIENT,48000,48002,642,nao
70.0,0.07,2.0,1,0,2,NOPATIENT,79000,69999,2073,sim
70.0,0.07,2.0,1,0,2,NORMAL,25000,25002,473,nao
4.0,0.07,2.0,1,2,1,NOPATIENT,11000,4379,271,sim
5.0,0.07,2.0,1,2,1,NORMAL,19000,5357,357,sim
6.0,0.07,2.0,1,2,1,NOPATIENT,15000,6233,397,sim
12.0,0.07,2.0,1,2,1,NOPATIENT,34000,11864,874,sim
12.0,0.07,2.0,1,2,1,NOPATIENT,20000,12329,528,sim
18.0,0.07,2.0,1,2,1,PATIENT,29000,18336,387,sim
18.0,0.07,2.0,1,2,1,NOPATIENT,41000,18391,1073,sim
21.0,0.07,2.0,1,2,1,NORMAL,56000,21234,1093,sim
22.0,0.07,2.0,1,2,1,PATIENT,47000,21861,628,sim
25.0,0.07,2.0,1,2,1,NORMAL,25000,25007,480,nao
29.0,0.07,2.0,1,2,1,NORMAL,44000,29406,842,sim
30.0,0.07,2.0,1,2,1,NOPATIENT,52000,29882,1374,sim
37.0,0.07,2.0,1,2,1,NORMAL,52000,37363,999,sim
46.0,0.07,2.0,1,2,1,PATIENT,49000,45692,668,sim
48.0,0.07,2.0,1,2,1,NORMAL,69000,47666,1339,sim
50.0,0.07,2.0,1,2,1,PATIENT,69000,50398,933,sim
58.0,0.07,2.0,1,2,1,NORMAL,58000,58004,1117,nao
73.0,0.07,2.0,1,2,1,NOPATIENT,73000,73002,1916,nao
87.0,0.07,2.0,1,2,1,NORMAL,103000,87403,2002,sim
90.0,0.07,2.0,1,2,1,NOPATIENT,90000,90003,2363,nao
97.0,0.07,2.0,1,2,1,NOPATIENT,97000,97004,2567,nao
4.0,0.07,2.0,0,3,1,PATIENT,10000,4170,132,sim
4.0,0.07,2.0,0,3,1,NOPATIENT,12000,4307,305,sim
5.0,0.07,2.0,0,3,1,PATIENT,25000,4730,339,sim
18.0,0.07,2.0,0,3,1,NOPATIENT,41000,18326,1077,sim
21.0,0.07,2.0,0,3,1,NORMAL,45000,20777,872,sim
25.0,0.07,2.0,0,3,1,NOPATIENT,58000,24754,1518,sim
30.0,0.07,2.0,0,3,1,NOPATIENT,86000,30304,2257,sim
41.0,0.07,2.0,0,3,1,NORMAL,44000,40808,852,sim
44.0,0.07,2.0,0,3,1,NOPATIENT,71000,43358,1857,sim
47.0,0.07,2.0,0,3,1,NORMAL,65000,47321,1265,sim
50.0,0.07,2.0,0,3,1,NOPATIENT,50000,50004,1314,nao
52.0,0.07,2.0,0,3,1,NORMAL,85000,51529,1658,sim
55.0,0.07,2.0,0,3,1,NORMAL,96000,54484,1866,sim
69.0,0.07,2.0,0,3,1,NORMAL,69000,69004,1338,nao
70.0,0.07,2.0,0,3,1,NOPATIENT,70000,70004,1834,nao
77.0,0.07,2.0,0,3,1,NORMAL,130000,76512,2529,sim
82.0,0.07,2.0,0,3,1,NOPATIENT,82000,82004,2146,nao
84.0,0.07,2.0,0,3,1,NORMAL,97000,83575,1894,sim
3.0,0.07,2.0,1,3,0,PATIENT,9000,2784,119,sim
6.0,0.07,2.0,1,3,0,NORMAL,23000,6327,438,sim
7.0,0.07,2.0,1,3,0,PATIENT,17000,6476,231,sim
7.0,0.07,2.0,1,3,0,NOPATIENT,12000,6821,300,sim
14.0,0.07,2.0,1,3,0,NORMAL,30000,13769,569,sim
15.0,0.07,2.0,1,3,0,PATIENT,49000,15330,658,sim
17.0,0.07,2.0,1,3,0,NORMAL,60000,16469,1168,sim
19.0,0.07,2.0,1,3,0,PATIENT,23000,19323,301,sim
22.0,0.07,2.0,1,3,0,PATIENT,46000,21840,622,sim
26.0,0.07,2.0,1,3,0,NOPATIENT,10000,6071,248,sim
27.0,0.07,2.0,1,3,0,PATIENT,13000,6771,173,sim
27.0,0.07,2.0,1,3,0,NOPATIENT,10000,7321,259,sim
28.0,0.07,2.0,1,3,0,PATIENT,17000,8069,229,sim
29.0,0.07,2.0,1,3,0,NOPATIENT,80000,28445,2093,sim
37.0,0.07,2.0,1,3,0,NOPATIENT,17000,17123,429,nao
42.0,0.07,2.0,1,3,0,NOPATIENT,22000,22151,560,nao
42.0,0.07,2.0,1,3,0,PATIENT,22000,22147,288,nao
44.0,0.07,2.0,1,3,0,NORMAL,44000,44003,854,nao
44.0,0.07,2.0,1,3,0,NORMAL,24000,24015,455,nao
50.0,0.07,2.0,1,3,0,NOPATIENT,50000,50007,1318,nao
50.0,0.07,2.0,1,3,0,NOPATIENT,30000,30087,793,nao
56.0,0.07,2.0,1,3,0,NORMAL,36000,36163,688,nao
59.0,0.07,2.0,1,3,0,NORMAL,59000,59005,1149,nao
60.0,0.07,2.0,1,3,0,PATIENT,60000,60003,805,nao
70.0,0.07,2.0,1,3,0,NORMAL,50000,50004,963,nao
72.0,0.07,2.0,1,3,0,NOPATIENT,72000,72002,1884,nao
72.0,0.07,2.0,1,3,0,PATIENT,52000,52003,699,nao
72.0,0.07,2.0,1,3,0,NOPATIENT,72000,72005,1889,nao
73.0,0.07,2.0,1,3,0,NORMAL,117000,52603,2277,sim
73.0,0.07,2.0,1,3,0,NOPATIENT,73000,73003,1920,nao
76.0,0.07,2.0,1,3,0,NOPATIENT,76000,76002,1996,nao
77.0,0.07,2.0,1,3,0,PATIENT,77000,77002,1045,nao
3.0,0.07,2.0,3,1,0,NORMAL,10000,3335,192,sim
4.0,0.07,2.0,3,1,0,NORMAL,9000,3403,158,sim
4.0,0.07,2.0,3,1,0,PATIENT,12000,4398,159,sim
20.0,0.07,2.0,3,1,0,NOPATIENT,45000,19418,1167,sim
21.0,0.07,2.0,3,1,0,NORMAL,82000,21298,1594,sim
23.0,0.07,2.0,3,1,0,NOPATIENT,66000,23392,1723,sim
24.0,0.07,2.0,3,1,0,NOPATIENT,7000,4101,165,sim
26.0,0.07,2.0,3,1,0,PATIENT,19000,6044,254,sim
29.0,0.07,2.0,3,1,0,NORMAL,34000,28424,655,sim
29.0,0.07,2.0,3,1,0,NOPATIENT,14000,9091,353,sim
39.0,0.07,2.0,3,1,0,NOPATIENT,54000,38432,1429,sim
43.0,0.07,2.0,3,1,0,NOPATIENT,43000,43005,1125,nao
47.0,0.07,2.0,3,1,0,NORMAL,47000,47002,901,nao
56.0,0.07,2.0,3,1,0,PATIENT,36000,36002,483,nao
57.0,0.07,2.0,3,1,0,NORMAL,109000,36421,2130,sim
4.0,0.07,2.0,1,0,3,NOPATIENT,11000,3780,266,sim
5.0,0.07,2.0,1,0,3,PATIENT,15000,5351,204,sim
5.0,0.07,2.0,1,0,3,NOPATIENT,13000,5377,338,sim
13.0,0.07,2.0,1,0,3,NOPATIENT,37000,12833,976,sim
13.0,0.07,2.0,1,0,3,NOPATIENT,23000,13384,607,sim
15.0,0.07,2.0,1,0,3,NOPATIENT,43000,15309,1126,sim
16.0,0.07,2.0,1,0,3,NORMAL,24000,16326,456,sim
22.0,0.07,2.0,1,0,3,NORMAL,27000,22235,517,sim
24.0,0.07,2.0,1,0,3,NORMAL,92000,23828,1791,sim
27.0,0.07,2.0,1,0,3,NORMAL,14000,7065,273,sim
30.0,0.07,2.0,1,0,3,NORMAL,30000,30005,580,nao
35.0,0.07,2.0,1,0,3,NORMAL,42000,34837,807,sim
37.0,0.07,2.0,1,0,3,NOPATIENT,50000,17450,1316,sim
44.0,0.07,2.0,1,0,3,NORMAL,24000,24003,462,nao
53.0,0.07,2.0,1,0,3,PATIENT,32000,32898,434,nao
53.0,0.07,2.0,1,0,3,NORMAL,53000,53003,1029,nao
54.0,0.07,2.0,1,0,3,NOPATIENT,33000,33700,857,nao
55.0,0.07,2.0,1,0,3,NORMAL,35000,35006,675,nao
56.0,0.07,2.0,1,0,3,NORMAL,83000,55879,1616,sim
57.0,0.07,2.0,1,0,3,NOPATIENT,57000,57003,1485,nao
58.0,0.07,2.0,1,0,3,NOPATIENT,61000,38450,1612,sim
60.0,0.07,2.0,1,0,3,NOPATIENT,5000,6696,116,nao
64.0,0.07,2.0,1,0,3,NORMAL,110000,64104,2150,sim
66.0,0.07,2.0,1,0,3,NORMAL,13000,13002,250,nao
73.0,0.07,2.0,1,0,3,NORMAL,20000,20003,389,nao
76.0,0.07,2.0,1,0,3,NORMAL,76000,76004,1469,nao
79.0,0.07,2.0,1,0,3,NOPATIENT,26000,26002,678,nao
81.0,0.07,2.0,1,0,3,NOPATIENT,28000,28002,733,nao
84.0,0.07,2.0,1,0,3,NORMAL,31000,31003,604,nao
85.0,0.07,2.0,1,0,3,NOPATIENT,64000,32122,1692,sim
90.0,0.07,2.0,1,0,3,NORMAL,99000,90135,1934,sim
95.0,0.07,2.0,1,0,3,NOPATIENT,9000,9003,219,nao
96.0,0.07,2.0,1,0,3,NOPATIENT,43000,43002,1128,nao
97.0,0.07,2.0,1,0,3,NOPATIENT,44000,44003,1145,nao
98.0,0.07,2.0,1,0,3,NOPATIENT,98000,98003,2581,nao
98.0,0.07,2.0,1,0,3,NOPATIENT,98000,98004,2572,nao
112.0,0.07,2.0,1,0,3,PATIENT,121000,112065,1638,sim
113.0,0.07,2.0,1,0,3,NOPATIENT,27000,27003,707,nao
113.0,0.07,2.0,1,0,3,NORMAL,27000,27003,517,nao
115.0,0.07,2.0,1,0,3,PATIENT,29000,29003,383,nao
117.0,0.07,2.0,1,0,3,NORMAL,31000,31003,603,nao
117.0,0.07,2.0,1,0,3,NOPATIENT,97000,97002,2547,nao
123.0,0.07,2.0,1,0,3,NORMAL,123000,123004,2403,nao
124.0,0.07,2.0,1,0,3,NOPATIENT,71000,71003,1878,nao
124.0,0.07,2.0,1,0,3,NORMAL,38000,38005,732,nao
126.0,0.07,2.0,1,0,3,NORMAL,7000,7004,122,nao
127.0,0.07,2.0,1,0,3,NORMAL,8000,8004,153,nao
128.0,0.07,2.0,1,0,3,NORMAL,128000,128003,2501,nao
131.0,0.07,2.0,1,0,3,NORMAL,12000,12004,221,nao
132.0,0.07,2.0,1,0,3,NORMAL,112000,112002,2176,nao
134.0,0.07,2.0,1,0,3,PATIENT,122000,114137,1652,sim
135.0,0.07,2.0,1,0,3,NOPATIENT,49000,49004,1294,nao
135.0,0.07,2.0,1,0,3,NORMAL,82000,82003,1603,nao
137.0,0.07,2.0,1,0,3,NOPATIENT,84000,84003,2209,nao
137.0,0.07,2.0,1,0,3,NOPATIENT,18000,18003,472,nao
138.0,0.07,2.0,1,0,3,NORMAL,19000,19004,370,nao
140.0,0.07,2.0,1,0,3,PATIENT,21000,21011,273,nao
144.0,0.07,2.0,1,0,3,PATIENT,144000,144003,1962,nao
146.0,0.07,2.0,1,0,3,PATIENT,60000,60003,808,nao
146.0,0.07,2.0,1,0,3,NOPATIENT,93000,93002,2461,nao
149.0,0.07,2.0,1,0,3,NOPATIENT,30000,30002,778,nao
151.0,0.07,2.0,1,0,3,NORMAL,65000,65002,1264,nao
154.0,0.07,2.0,1,0,3,NOPATIENT,68000,68003,1796,nao
156.0,0.07,2.0,1,0,3,PATIENT,37000,37003,502,nao
156.0,0.07,2.0,1,0,3,NORMAL,70000,70003,1364,nao
156.0,0.07,2.0,1,0,3,NOPATIENT,37000,37002,976,nao
160.0,0.07,2.0,1,0,3,NOPATIENT,8000,8002,203,nao
161.0,0.07,2.0,1,0,3,NOPATIENT,42000,42004,1105,nao
164.0,0.07,2.0,1,0,3,PATIENT,169000,164131,2293,sim
6.0,0.07,2.0,2,2,0,NOPATIENT,17000,6325,443,sim
11.0,0.07,2.0,2,2,0,NORMAL,42000,11390,806,sim
15.0,0.07,2.0,2,2,0,NOPATIENT,26000,15339,671,sim
17.0,0.07,2.0,2,2,0,NORMAL,65000,17226,1266,sim
20.0,0.07,2.0,2,2,0,NOPATIENT,32000,19876,843,sim
24.0,0.07,2.0,2,2,0,NOPATIENT,68000,24388,1793,sim
25.0,0.07,2.0,2,2,0,NOPATIENT,8000,5208,207,sim
27.0,0.07,2.0,2,2,0,NOPATIENT,30000,26838,771,sim
27.0,0.07,2.0,2,2,0,NORMAL,44000,27360,857,sim
27.0,0.07,2.0,2,2,0,PATIENT,21000,7236,285,sim
33.0,0.07,2.0,2,2,0,NORMAL,34000,33389,651,sim
40.0,0.07,2.0,2,2,0,NORMAL,81000,20418,1576,sim
41.0,0.07,2.0,2,2,0,NOPATIENT,70000,41238,1846,sim
43.0,0.07,2.0,2,2,0,NOPATIENT,21000,22684,535,nao
43.0,0.07,2.0,2,2,0,NORMAL,22000,23158,411,nao
45.0,0.07,2.0,2,2,0,NOPATIENT,45000,45002,1165,nao
49.0,0.07,2.0,2,2,0,NOPATIENT,28000,28949,715,nao
49.0,0.07,2.0,2,2,0,NORMAL,36000,29418,686,sim
55.0,0.07,2.0,2,2,0,NOPATIENT,64000,55390,1693,sim
57.0,0.07,2.0,2,2,0,NORMAL,37000,37003,709,nao
60.0,0.07,2.0,2,2,0,PATIENT,60000,60002,812,nao
64.0,0.07,2.0,2,2,0,NOPATIENT,44000,44004,1143,nao
66.0,0.07,2.0,2,2,0,NORMAL,13000,13003,240,nao
67.0,0.07,2.0,2,2,0,NORMAL,47000,47004,906,nao
67.0,0.07,2.0,2,2,0,PATIENT,67000,47404,910,sim
68.0,0.07,2.0,2,2,0,NOPATIENT,15000,15003,382,nao
71.0,0.07,2.0,2,2,0,PATIENT,51000,51003,687,nao
73.0,0.07,2.0,2,2,0,NORMAL,53000,53003,1029,nao
79.0,0.07,2.0,2,2,0,NOPATIENT,26000,26004,682,nao
80.0,0.07,2.0,2,2,0,PATIENT,27000,27004,355,nao
80.0,0.07,2.0,2,2,0,PATIENT,60000,60002,812,nao
81.0,0.07,2.0,2,2,0,NORMAL,28000,28003,530,nao
82.0,0.07,2.0,2,2,0,NOPATIENT,82000,82004,2165,nao
85.0,0.07,2.0,2,2,0,NORMAL,85000,85003,1657,nao
86.0,0.07,2.0,2,2,0,NOPATIENT,66000,66003,1730,nao
2.0,0.07,2.0,1,1,2,NORMAL,8000,2216,141,sim
3.0,0.07,2.0,1,1,2,NORMAL,10000,3293,186,sim
5.0,0.07,2.0,1,1,2,NORMAL,12000,5215,216,sim
6.0,0.07,2.0,1,1,2,NORMAL,24000,5759,453,sim
7.0,0.07,2.0,1,1,2,PATIENT,22000,7296,291,sim
15.0,0.07,2.0,1,1,2,NOPATIENT,26000,14749,675,sim
15.0,0.07,2.0,1,1,2,NORMAL,39000,15213,751,sim
18.0,0.07,2.0,1,1,2,NORMAL,40000,18306,777,sim
25.0,0.07,2.0,1,1,2,NORMAL,11000,5074,210,sim
28.0,0.07,2.0,1,1,2,PATIENT,23000,8441,313,sim
29.0,0.07,2.0,1,1,2,NOPATIENT,84000,28831,2200,sim
29.0,0.07,2.0,1,1,2,NOPATIENT,9000,9005,228,nao
29.0,0.07,2.0,1,1,2,NOPATIENT,32000,29308,835,sim
31.0,0.07,2.0,1,1,2,NORMAL,10000,10621,181,nao
5.0,0.07,2.0,2,0,2,NORMAL,19000,5240,371,sim
7.0,0.07,2.0,2,0,2,NOPATIENT,19000,6842,492,sim
8.0,0.07,2.0,2,0,2,NOPATIENT,22000,8284,581,sim
9.0,0.07,2.0,2,0,2,PATIENT,9000,9006,111,nao
9.0,0.07,2.0,2,0,2,PATIENT,20000,9233,263,sim
14.0,0.07,2.0,2,0,2,PATIENT,29000,13849,393,sim
16.0,0.07,2.0,2,0,2,NOPATIENT,24000,15768,618,sim
4.0,0.07,2.0,1,2,1,NOPATIENT,11000,4383,282,sim
6.0,0.07,2.0,1,2,1,NORMAL,22000,6427,422,sim
9.0,0.07,2.0,1,2,1,NOPATIENT,24000,9237,626,sim
16.0,0.07,2.0,1,2,1,NOPATIENT,19000,16253,481,sim
16.0,0.07,2.0,1,2,1,NORMAL,39000,16438,745,sim
19.0,0.07,2.0,1,2,1,PATIENT,40000,18802,541,sim
24.0,0.07,2.0,1,2,1,NOPATIENT,58000,24413,1517,sim
26.0,0.07,2.0,1,2,1,PATIENT,53000,26442,715,sim
28.0,0.07,2.0,1,2,1,NOPATIENT,13000,8043,323,sim
28.0,0.07,2.0,1,2,1,PATIENT,24000,8096,317,sim
39.0,0.07,2.0,1,2,1,PATIENT,19000,19327,251,nao
40.0,0.07,2.0,1,2,1,NOPATIENT,20000,20228,517,nao
41.0,0.07,2.0,1,2,1,NOPATIENT,21000,21023,547,sim
42.0,0.07,2.0,1,2,1,NORMAL,42000,42008,805,nao
42.0,0.07,2.0,1,2,1,NORMAL,42000,42003,810,nao
49.0,0.07,2.0,1,2,1,NORMAL,29000,29050,554,nao
4.0,0.07,2.0,1,1,2,NORMAL,13000,4300,251,sim
8.0,0.07,2.0,1,1,2,NORMAL,15000,8294,276,sim
11.0,0.07,2.0,1,1,2,NORMAL,11000,11014,215,nao
15.0,0.07,2.0,1,1,2,NOPATIENT,43000,15207,1135,sim
16.0,0.07,2.0,1,1,2,NOPATIENT,47000,16356,1221,sim
19.0,0.07,2.0,1,1,2,PATIENT,50000,19295,681,sim
21.0,0.07,2.0,1,1,2,NOPATIENT,60000,21332,1583,sim
23.0,0.07,2.0,1,1,2,PATIENT,41000,23213,559,sim
26.0,0.07,2.0,1,1,2,NOPATIENT,28000,26368,728,sim
29.0,0.07,2.0,1,1,2,NOPATIENT,84000,28876,2202,sim
29.0,0.07,2.0,1,1,2,NORMAL,19000,9238,365,sim
30.0,0.07,2.0,1,1,2,NOPATIENT,86000,29880,2257,sim
32.0,0.07,2.0,1,1,2,NOPATIENT,19000,12129,501,sim
37.0,0.07,2.0,1,1,2,NORMAL,36000,17077,702,sim
38.0,0.07,2.0,1,1,2,NOPATIENT,38000,38053,987,nao
38.0,0.07,2.0,1,1,2,NOPATIENT,29000,18184,747,sim
43.0,0.07,2.0,1,1,2,NOPATIENT,64000,43333,1686,sim
45.0,0.07,2.0,1,1,2,NOPATIENT,23000,24548,607,nao
45.0,0.07,2.0,1,1,2,NOPATIENT,64000,45203,1679,sim
46.0,0.07,2.0,1,1,2,NORMAL,46000,46003,893,nao
47.0,0.07,2.0,1,1,2,NOPATIENT,52000,46806,1359,sim
49.0,0.07,2.0,1,1,2,NOPATIENT,55000,48808,1454,sim
52.0,0.07,2.0,1,1,2,NOPATIENT,32000,32003,823,nao
53.0,0.07,2.0,1,1,2,NORMAL,53000,53003,1035,nao
53.0,0.07,2.0,1,1,2,PATIENT,49000,33066,656,sim
57.0,0.07,2.0,1,1,2,PATIENT,57000,57002,768,nao
58.0,0.07,2.0,1,1,2,NOPATIENT,5000,5008,128,nao
58.0,0.07,2.0,1,1,2,NORMAL,58000,58006,1133,nao
63.0,0.07,2.0,1,1,2,NORMAL,10000,10016,191,nao
68.0,0.07,2.0,1,1,2,NOPATIENT,48000,48004,1257,nao
69.0,0.07,2.0,1,1,2,NORMAL,16000,16003,295,nao
72.0,0.07,2.0,1,1,2,PATIENT,28000,19027,381,sim
74.0,0.07,2.0,1,1,2,PATIENT,21000,21004,285,nao
75.0,0.07,2.0,1,1,2,PATIENT,55000,55002,741,nao
76.0,0.07,2.0,1,1,2,NOPATIENT,23000,23003,592,nao
81.0,0.07,2.0,1,1,2,NOPATIENT,97000,80798,2552,sim
81.0,0.07,2.0,1,1,2,PATIENT,28000,28003,369,nao
82.0,0.07,2.0,1,1,2,PATIENT,59000,29004,794,sim
89.0,0.07,2.0,1,1,2,NORMAL,69000,69003,1336,nao
90.0,0.07,2.0,1,1,2,NORMAL,90000,90007,1757,nao
93.0,0.07,2.0,1,1,2,NORMAL,73000,73004,1427,nao
93.0,0.07,2.0,1,1,2,NORMAL,40000,40004,771,nao
3.0,0.07,2.0,2,1,1,NOPATIENT,8000,3263,192,sim
3.0,0.07,2.0,2,1,1,NOPATIENT,8000,3357,201,sim
9.0,0.07,2.0,2,1,1,NORMAL,21000,9367,410,sim
10.0,0.07,2.0,2,1,1,NOPATIENT,20000,10266,524,sim
12.0,0.07,2.0,2,1,1,PATIENT,12000,12005,157,nao
12.0,0.07,2.0,2,1,1,NOPATIENT,34000,12339,895,sim
15.0,0.07,2.0,2,1,1,NORMAL,33000,14795,628,sim
15.0,0.07,2.0,2,1,1,NOPATIENT,16000,15376,408,sim
18.0,0.07,2.0,2,1,1,NORMAL,28000,18247,531,sim
25.0,0.07,2.0,2,1,1,NOPATIENT,8000,5048,191,sim
25.0,0.07,2.0,2,1,1,NORMAL,11000,5080,205,sim
26.0,0.07,2.0,2,1,1,NOPATIENT,74000,25795,1949,sim
27.0,0.07,2.0,2,1,1,NOPATIENT,11000,7161,266,sim
33.0,0.07,2.0,2,1,1,NORMAL,13000,13010,246,nao
35.0,0.07,2.0,2,1,1,NOPATIENT,50000,35261,1307,sim
47.0,0.07,2.0,2,1,1,NORMAL,47000,47002,915,nao
60.0,0.07,2.0,2,1,1,NORMAL,40000,40003,764,nao
60.0,0.07,2.0,2,1,1,NOPATIENT,60000,60003,1575,nao
61.0,0.07,2.0,2,1,1,NOPATIENT,8000,8003,193,nao
61.0,0.07,2.0,2,1,1,NOPATIENT,75000,61270,1960,sim
63.0,0.07,2.0,2,1,1,NORMAL,43000,43003,838,nao
65.0,0.07,2.0,2,1,1,PATIENT,65000,65004,881,nao
67.0,0.07,2.0,2,1,1,NORMAL,14000,14004,271,nao
5.0,0.07,2.0,1,1,2,PATIENT,13000,4873,176,sim
5.0,0.07,2.0,1,1,2,NOPATIENT,14000,5324,366,sim
12.0,0.07,2.0,1,1,2,NOPATIENT,34000,12274,885,sim
13.0,0.07,2.0,1,1,2,NOPATIENT,36000,12894,929,sim
17.0,0.07,2.0,1,1,2,NOPATIENT,48000,16890,1254,sim
17.0,0.07,2.0,1,1,2,NOPATIENT,47000,17397,1241,sim
18.0,0.07,2.0,1,1,2,NORMAL,51000,18341,981,sim
23.0,0.07,2.0,1,1,2,PATIENT,9000,3298,110,sim
27.0,0.07,2.0,1,1,2,NOPATIENT,40000,26855,1056,sim
29.0,0.07,2.0,1,1,2,NORMAL,65000,29293,1262,sim
33.0,0.07,2.0,1,1,2,NOPATIENT,46000,32828,1206,sim
34.0,0.07,2.0,1,1,2,NOPATIENT,22000,14066,571,sim
36.0,0.07,2.0,1,1,2,NOPATIENT,49000,16433,1279,sim
43.0,0.07,2.0,1,1,2,NORMAL,26000,23445,496,sim
51.0,0.07,2.0,1,1,2,PATIENT,120000,51295,1635,sim
51.0,0.07,2.0,1,1,2,NORMAL,27000,31438,525,nao
55.0,0.07,2.0,1,1,2,PATIENT,66000,35441,898,sim
57.0,0.07,2.0,1,1,2,NOPATIENT,37000,37002,962,nao
60.0,0.07,2.0,1,1,2,NORMAL,60000,60002,1166,nao
60.0,0.07,2.0,1,1,2,NOPATIENT,40000,40005,1041,nao
4.0,0.07,2.0,3,1,0,NOPATIENT,8000,3400,191,sim
10.0,0.07,2.0,3,1,0,NORMAL,14000,9745,262,sim
10.0,0.07,2.0,3,1,0,NOPATIENT,28000,10340,740,sim
13.0,0.07,2.0,3,1,0,NOPATIENT,33000,12423,869,sim
15.0,0.07,2.0,3,1,0,NOPATIENT,31000,14379,805,sim
15.0,0.07,2.0,3,1,0,NORMAL,57000,15248,1096,sim
15.0,0.07,2.0,3,1,0,NORMAL,19000,15348,356,sim
18.0,0.07,2.0,3,1,0,PATIENT,26000,17427,354,sim
21.0,0.07,2.0,3,1,0,NORMAL,23000,21330,431,sim
23.0,0.07,2.0,3,1,0,PATIENT,10000,3051,125,sim
24.0,0.07,2.0,3,1,0,NOPATIENT,24000,24004,633,nao
27.0,0.07,2.0,3,1,0,NORMAL,15000,7073,274,sim
29.0,0.07,2.0,3,1,0,NOPATIENT,31000,28434,817,sim
32.0,0.07,2.0,3,1,0,NOPATIENT,47000,31399,1239,sim
34.0,0.07,2.0,3,1,0,NOPATIENT,23000,14169,586,sim
36.0,0.07,2.0,3,1,0,NOPATIENT,26000,16134,683,sim
39.0,0.07,2.0,3,1,0,PATIENT,19000,19004,258,nao
44.0,0.07,2.0,3,1,0,NORMAL,47000,43409,901,sim
44.0,0.07,2.0,3,1,0,NOPATIENT,48000,43784,1248,sim
50.0,0.07,2.0,3,1,0,NOPATIENT,47000,50009,1228,nao
50.0,0.07,2.0,3,1,0,PATIENT,50000,50084,677,nao
53.0,0.07,2.0,3,1,0,NORMAL,65000,33054,1258,sim
59.0,0.07,2.0,3,1,0,NOPATIENT,95000,58847,2510,sim
59.0,0.07,2.0,3,1,0,NOPATIENT,6000,6012,136,nao
61.0,0.07,2.0,3,1,0,PATIENT,61000,61114,825,nao
64.0,0.07,2.0,3,1,0,NOPATIENT,64000,64078,1687,nao
64.0,0.07,2.0,3,1,0,NORMAL,11000,11315,200,nao
70.0,0.07,2.0,3,1,0,PATIENT,50000,50003,676,nao
70.0,0.07,2.0,3,1,0,NOPATIENT,50000,50004,1298,nao
3.0,0.07,2.0,2,0,2,NOPATIENT,7000,2793,165,sim
5.0,0.07,2.0,2,0,2,NORMAL,14000,4497,263,sim
8.0,0.07,2.0,2,0,2,NOPATIENT,12000,7764,312,sim
9.0,0.07,2.0,2,0,2,NOPATIENT,23000,8485,585,sim
11.0,0.07,2.0,2,0,2,NOPATIENT,29000,10436,754,sim
15.0,0.07,2.0,2,0,2,NOPATIENT,20000,14774,508,sim
15.0,0.07,2.0,2,0,2,NOPATIENT,44000,15348,1150,sim
22.0,0.07,2.0,2,0,2,NOPATIENT,63000,21777,1658,sim
23.0,0.07,2.0,2,0,2,NORMAL,44000,22449,851,sim
23.0,0.07,2.0,2,0,2,PATIENT,78000,22499,1060,sim
29.0,0.07,2.0,2,0,2,PATIENT,61000,28808,819,sim
42.0,0.07,2.0,2,0,2,PATIENT,150000,41766,2041,sim
43.0,0.07,2.0,2,0,2,NORMAL,54000,42587,1042,sim
45.0,0.07,2.0,2,0,2,NORMAL,62000,44580,1194,sim
47.0,0.07,2.0,2,0,2,NOPATIENT,69000,46474,1801,sim
65.0,0.07,2.0,2,0,2,NORMAL,96000,64866,1869,sim
66.0,0.07,2.0,2,0,2,NORMAL,66000,66007,1290,nao
68.0,0.07,2.0,2,0,2,NOPATIENT,74000,67794,1954,sim
70.0,0.07,2.0,2,0,2,NORMAL,97000,69609,1879,sim
86.0,0.07,2.0,2,0,2,NORMAL,86000,86006,1679,nao
87.0,0.07,2.0,2,0,2,NORMAL,87000,87003,1684,nao
87.0,0.07,2.0,2,0,2,NORMAL,87000,87004,1696,nao
96.0,0.07,2.0,2,0,2,NORMAL,96000,96004,1862,nao
3.0,0.07,2.0,2,2,0,NORMAL,6000,2527,102,sim
6.0,0.07,2.0,2,2,0,NOPATIENT,18000,6426,461,sim
7.0,0.07,2.0,2,2,0,NOPATIENT,16000,6461,417,sim
8.0,0.07,2.0,2,2,0,NORMAL,27000,7499,527,sim
9.0,0.07,2.0,2,2,0,NOPATIENT,24000,9302,635,sim
12.0,0.07,2.0,2,2,0,NORMAL,43000,11523,829,sim
15.0,0.07,2.0,2,2,0,NORMAL,35000,15414,679,sim
16.0,0.07,2.0,2,2,0,NORMAL,26000,16309,502,sim
17.0,0.07,2.0,2,2,0,NORMAL,37000,16860,708,sim
18.0,0.07,2.0,2,2,0,NORMAL,39000,17498,763,sim
29.0,0.07,2.0,2,2,0,NOPATIENT,64000,28462,1671,sim
37.0,0.07,2.0,2,2,0,NORMAL,37000,37003,707,nao
38.0,0.07,2.0,2,2,0,NOPATIENT,38000,38003,997,nao
52.0,0.07,2.0,2,2,0,NORMAL,56000,51434,1088,sim
53.0,0.07,2.0,2,2,0,NOPATIENT,53000,53005,1393,nao
69.0,0.07,2.0,2,2,0,PATIENT,68000,68827,919,nao
3.0,0.07,2.0,1,2,1,NOPATIENT,8000,3479,208,sim
4.0,0.07,2.0,1,2,1,PATIENT,12000,4218,158,sim
6.0,0.07,2.0,1,2,1,PATIENT,15000,6481,201,sim
7.0,0.07,2.0,1,2,1,NOPATIENT,20000,7395,513,sim
16.0,0.07,2.0,1,2,1,NOPATIENT,45000,16444,1173,sim
22.0,0.07,2.0,1,2,1,NORMAL,39000,22243,758,sim
25.0,0.07,2.0,1,2,1,NOPATIENT,71000,25374,1856,sim
28.0,0.07,2.0,1,2,1,NOPATIENT,59000,28416,1549,sim
36.0,0.07,2.0,1,2,1,PATIENT,36000,36413,488,nao
39.0,0.07,2.0,1,2,1,NORMAL,39000,39003,752,nao
47.0,0.07,2.0,1,2,1,NORMAL,47000,47002,909,nao
48.0,0.07,2.0,1,2,1,NORMAL,75000,48541,1463,sim
54.0,0.07,2.0,1,2,1,PATIENT,54000,54003,730,nao
55.0,0.07,2.0,1,2,1,NOPATIENT,55000,55003,1443,nao
58.0,0.07,2.0,1,2,1,NOPATIENT,58000,58002,1510,nao
65.0,0.07,2.0,1,2,1,NORMAL,65000,65003,1262,nao
73.0,0.07,2.0,1,2,1,NORMAL,90000,72597,1755,sim
79.0,0.07,2.0,1,2,1,NOPATIENT,79000,79003,2091,nao
79.0,0.07,2.0,1,2,1,NOPATIENT,79000,79004,2083,nao
86.0,0.07,2.0,1,2,1,NOPATIENT,86000,86002,2255,nao
90.0,0.07,2.0,1,2,1,NORMAL,90000,90004,1743,nao
122.0,0.07,2.0,1,2,1,NORMAL,122000,122002,2383,nao
130.0,0.07,2.0,1,2,1,NORMAL,130000,130003,2538,nao
131.0,0.07,2.0,1,2,1,NORMAL,131000,131005,2553,nao
8.0,0.07,2.0,1,2,1,NOPATIENT,21000,8277,550,sim
11.0,0.07,2.0,1,2,1,NORMAL,41000,11356,800,sim
12.0,0.07,2.0,1,2,1,NOPATIENT,34000,11780,875,sim
17.0,0.07,2.0,1,2,1,NORMAL,35000,17275,681,sim
18.0,0.07,2.0,1,2,1,PATIENT,54000,17408,730,sim
20.0,0.07,2.0,1,2,1,NORMAL,29000,19362,550,sim
21.0,0.07,2.0,1,2,1,NOPATIENT,26000,20793,682,sim
21.0,0.07,2.0,1,2,1,NOPATIENT,34000,20794,875,sim
30.0,0.07,2.0,1,2,1,NORMAL,66000,29798,1280,sim
33.0,0.07,2.0,1,2,1,NOPATIENT,35000,32811,904,sim
35.0,0.07,2.0,1,2,1,NORMAL,57000,34375,1101,sim
36.0,0.07,2.0,1,2,1,NOPATIENT,36000,36013,935,nao
45.0,0.07,2.0,1,2,1,PATIENT,45000,44818,610,sim
46.0,0.07,2.0,1,2,1,NORMAL,46000,46005,882,nao
49.0,0.07,2.0,1,2,1,PATIENT,91000,48827,1230,sim
52.0,0.07,2.0,1,2,1,PATIENT,110000,51818,1488,sim
53.0,0.07,2.0,1,2,1,NORMAL,70000,52839,1362,sim
53.0,0.07,2.0,1,2,1,PATIENT,53000,53004,717,nao
57.0,0.07,2.0,1,2,1,PATIENT,58000,56404,782,sim
61.0,0.07,2.0,1,2,1,PATIENT,64000,60802,868,sim
61.0,0.07,2.0,1,2,1,NORMAL,61000,61005,1179,nao
74.0,0.07,2.0,1,2,1,PATIENT,90000,73857,1225,sim
75.0,0.07,2.0,1,2,1,PATIENT,75000,74816,1021,sim
79.0,0.07,2.0,1,2,1,PATIENT,81000,78871,1100,sim
103.0,0.07,2.0,1,2,1,PATIENT,103000,103005,1400,nao
10.0,0.07,2.0,2,1,1,NORMAL,38000,10240,741,sim
13.0,0.07,2.0,2,1,1,NOPATIENT,37000,13373,972,sim
14.0,0.07,2.0,2,1,1,NOPATIENT,38000,13431,980,sim
15.0,0.07,2.0,2,1,1,PATIENT,42000,14490,560,sim
19.0,0.07,2.0,2,1,1,NOPATIENT,56000,18760,1460,sim
20.0,0.07,2.0,2,1,1,NORMAL,44000,19769,843,sim
23.0,0.07,2.0,2,1,1,NOPATIENT,30000,23388,769,sim
27.0,0.07,2.0,2,1,1,NOPATIENT,50000,27254,1300,sim
34.0,0.07,2.0,2,1,1,NOPATIENT,22000,14138,571,sim
34.0,0.07,2.0,2,1,1,NOPATIENT,34000,34196,880,nao
35.0,0.07,2.0,2,1,1,NOPATIENT,46000,34765,1217,sim
35.0,0.07,2.0,2,1,1,PATIENT,47000,34783,635,sim
39.0,0.07,2.0,2,1,1,NORMAL,48000,39254,922,sim
39.0,0.07,2.0,2,1,1,NOPATIENT,45000,39385,1178,sim
43.0,0.07,2.0,2,1,1,NOPATIENT,43000,43193,1123,nao
45.0,0.07,2.0,2,1,1,PATIENT,94000,44801,1278,sim
45.0,0.07,2.0,2,1,1,NOPATIENT,45000,45009,1184,nao
47.0,0.07,2.0,2,1,1,NOPATIENT,44000,27070,1150,sim
48.0,0.07,2.0,2,1,1,PATIENT,51000,48265,691,sim
50.0,0.07,2.0,2,1,1,PATIENT,59000,50381,801,sim
51.0,0.07,2.0,2,1,1,NOPATIENT,50000,31133,1304,sim
55.0,0.07,2.0,2,1,1,NOPATIENT,57000,54776,1490,sim
61.0,0.07,2.0,2,1,1,NORMAL,41000,41003,788,nao
66.0,0.07,2.0,2,1,1,NORMAL,51000,46096,986,sim
69.0,0.07,2.0,2,1,1,NORMAL,49000,49004,942,nao
69.0,0.07,2.0,2,1,1,NORMAL,69000,69003,1338,nao
71.0,0.07,2.0,2,1,1,NORMAL,51000,51004,995,nao
71.0,0.07,2.0,2,1,1,PATIENT,78000,71061,1055,sim
75.0,0.07,2.0,2,1,1,NOPATIENT,22000,22002,565,nao
81.0,0.07,2.0,2,1,1,NORMAL,28000,28003,530,nao
81.0,0.07,2.0,2,1,1,PATIENT,81000,81003,1092,nao
81.0,0.07,2.0,2,1,1,PATIENT,106000,81093,1435,sim
81.0,0.07,2.0,2,1,1,NOPATIENT,52000,28127,1367,sim
83.0,0.07,2.0,2,1,1,NORMAL,64000,63117,1243,sim
84.0,0.07,2.0,2,1,1,NORMAL,31000,31002,594,nao
87.0,0.07,2.0,2,1,1,PATIENT,105000,87071,1420,sim
88.0,0.07,2.0,2,1,1,NOPATIENT,53000,35132,1402,sim
89.0,0.07,2.0,2,1,1,NORMAL,69000,36137,1333,sim
94.0,0.07,2.0,2,1,1,NOPATIENT,41000,41004,1073,nao
94.0,0.07,2.0,2,1,1,NORMAL,44000,41127,843,sim
97.0,0.07,2.0,2,1,1,PATIENT,92000,77115,1245,sim
98.0,0.07,2.0,2,1,1,PATIENT,108000,98099,1461,sim
101.0,0.07,2.0,2,1,1,NORMAL,48000,48003,920,nao
106.0,0.07,2.0,2,1,1,PATIENT,67000,53139,905,sim
107.0,0.07,2.0,2,1,1,NORMAL,69000,54159,1346,sim
108.0,0.07,2.0,2,1,1,NOPATIENT,22000,22003,573,nao
108.0,0.07,2.0,2,1,1,PATIENT,85000,55168,1148,sim
110.0,0.07,2.0,2,1,1,NOPATIENT,24000,24003,625,nao
111.0,0.07,2.0,2,1,1,PATIENT,91000,91004,1228,nao
112.0,0.07,2.0,2,1,1,NORMAL,59000,59004,1149,nao
113.0,0.07,2.0,2,1,1,NORMAL,27000,27003,509,nao
115.0,0.07,2.0,2,1,1,NORMAL,29000,29004,555,nao
115.0,0.07,2.0,2,1,1,NOPATIENT,29000,29002,758,nao
119.0,0.07,2.0,2,1,1,PATIENT,72000,66151,971,sim
121.0,0.07,2.0,2,1,1,NOPATIENT,35000,35002,913,nao
122.0,0.07,2.0,2,1,1,PATIENT,69000,69003,937,nao
123.0,0.07,2.0,2,1,1,NORMAL,37000,37003,722,nao
124.0,0.07,2.0,2,1,1,PATIENT,104000,104002,1416,nao
129.0,0.07,2.0,2,1,1,NOPATIENT,43000,43002,1127,nao
129.0,0.07,2.0,2,1,1,PATIENT,109000,109003,1482,nao
130.0,0.07,2.0,2,1,1,PATIENT,44000,44003,594,nao
132.0,0.07,2.0,2,1,1,NORMAL,46000,46003,886,nao
14.0,0.07,2.0,3,3,1,NOPATIENT,39000,13885,1017,sim
21.0,0.07,2.0,3,3,1,NORMAL,32000,20860,609,sim
25.0,0.07,2.0,3,3,1,NOPATIENT,31000,24884,811,sim
27.0,0.07,2.0,3,3,1,PATIENT,56000,26948,761,sim
28.0,0.07,2.0,3,3,1,NORMAL,62000,27875,1201,sim
30.0,0.07,2.0,3,3,1,NORMAL,45000,29923,866,sim
49.0,0.07,2.0,3,3,1,NORMAL,75000,48719,1450,sim
62.0,0.07,2.0,3,3,1,PATIENT,68000,61948,914,sim
74.0,0.07,2.0,3,3,1,NORMAL,74000,74004,1434,nao
75.0,0.07,2.0,3,3,1,NORMAL,75000,75006,1453,nao
8.0,0.07,2.0,0,2,2,NORMAL,32000,7757,612,sim
8.0,0.07,2.0,0,2,2,NOPATIENT,22000,8302,576,sim
9.0,0.07,2.0,0,2,2,NORMAL,28000,8401,546,sim
13.0,0.07,2.0,0,2,2,NORMAL,29000,12844,555,sim
13.0,0.07,2.0,0,2,2,NORMAL,51000,12795,992,sim
13.0,0.07,2.0,0,2,2,NORMAL,29000,12828,553,sim
16.0,0.07,2.0,0,2,2,NORMAL,31000,16312,599,sim
18.0,0.07,2.0,0,2,2,NORMAL,34000,17404,659,sim
19.0,0.07,2.0,0,2,2,NOPATIENT,32000,18763,823,sim
24.0,0.07,2.0,0,2,2,NOPATIENT,31000,23806,799,sim
25.0,0.07,2.0,0,2,2,PATIENT,38000,24846,506,sim
26.0,0.07,2.0,0,2,2,PATIENT,41000,25836,547,sim
26.0,0.07,2.0,0,2,2,NOPATIENT,26000,26005,663,nao
27.0,0.07,2.0,0,2,2,NORMAL,40000,27307,777,sim
30.0,0.07,2.0,0,2,2,NOPATIENT,32000,29763,847,sim
37.0,0.07,2.0,0,2,2,NORMAL,40000,36421,771,sim
40.0,0.07,2.0,0,2,2,NOPATIENT,45000,39818,1182,sim
42.0,0.07,2.0,0,2,2,PATIENT,50000,41836,670,sim
44.0,0.07,2.0,0,2,2,NOPATIENT,50000,44312,1308,sim
48.0,0.07,2.0,0,2,2,NOPATIENT,52000,47772,1375,sim
48.0,0.07,2.0,0,2,2,NORMAL,49000,47875,948,sim
8.0,0.07,2.0,1,1,2,NORMAL,30000,7755,574,sim
11.0,0.07,2.0,1,1,2,NORMAL,39000,10393,745,sim
15.0,0.07,2.0,1,1,2,NOPATIENT,44000,14770,1151,sim
18.0,0.07,2.0,1,1,2,NOPATIENT,50000,18321,1316,sim
20.0,0.07,2.0,1,1,2,PATIENT,46000,19378,621,sim
24.0,0.07,2.0,1,1,2,NORMAL,33000,23747,639,sim
25.0,0.07,2.0,1,1,2,NORMAL,55000,24809,1058,sim
27.0,0.07,2.0,1,1,2,NORMAL,74000,26767,1444,sim
32.0,0.07,2.0,1,1,2,NOPATIENT,41000,32339,1070,sim
33.0,0.07,2.0,1,1,2,NORMAL,49000,32376,943,sim
36.0,0.07,2.0,1,1,2,PATIENT,76000,35807,1035,sim
7.0,0.07,2.0,2,2,0,NOPATIENT,20000,7405,510,sim
8.0,0.07,2.0,2,2,0,NORMAL,28000,8368,542,sim
12.0,0.07,2.0,2,2,0,NOPATIENT,35000,12242,922,sim
12.0,0.07,2.0,2,2,0,NORMAL,47000,12381,911,sim
17.0,0.07,2.0,2,2,0,NORMAL,40000,17416,770,sim
19.0,0.07,2.0,2,2,0,NOPATIENT,20000,19253,517,sim
20.0,0.07,2.0,2,2,0,NORMAL,43000,19882,834,sim
20.0,0.07,2.0,2,2,0,PATIENT,43000,20389,575,sim
21.0,0.07,2.0,2,2,0,NOPATIENT,38000,21380,1000,sim
30.0,0.07,2.0,2,2,0,NORMAL,43000,10445,840,sim
32.0,0.07,2.0,2,2,0,NOPATIENT,51000,31864,1342,sim
32.0,0.07,2.0,2,2,0,PATIENT,68000,31876,920,sim
33.0,0.07,2.0,2,2,0,NOPATIENT,21000,13159,531,sim
34.0,0.07,2.0,2,2,0,PATIENT,71000,33894,966,sim
34.0,0.07,2.0,2,2,0,NOPATIENT,22000,14072,567,sim
38.0,0.07,2.0,2,2,0,NOPATIENT,29000,18145,749,sim
42.0,0.07,2.0,2,2,0,PATIENT,64000,22449,869,sim
45.0,0.07,2.0,2,2,0,NORMAL,45000,45007,865,nao
45.0,0.07,2.0,2,2,0,NOPATIENT,25000,25014,654,nao
46.0,0.07,2.0,2,2,0,NORMAL,29000,26124,552,sim
51.0,0.07,2.0,2,2,0,NORMAL,51000,51004,980,nao
51.0,0.07,2.0,2,2,0,NOPATIENT,31000,31029,795,nao
51.0,0.07,2.0,2,2,0,PATIENT,40000,31174,537,sim
53.0,0.07,2.0,2,2,0,NOPATIENT,54000,52895,1409,sim
53.0,0.07,2.0,2,2,0,NOPATIENT,53000,53003,1383,nao
54.0,0.07,2.0,2,2,0,NOPATIENT,54000,54004,1414,nao
56.0,0.07,2.0,2,2,0,NOPATIENT,56000,56010,1479,nao
56.0,0.07,2.0,2,2,0,NOPATIENT,36000,36003,927,nao
65.0,0.07,2.0,2,2,0,NORMAL,45000,45002,869,nao
65.0,0.07,2.0,2,2,0,PATIENT,65000,65004,886,nao
65.0,0.07,2.0,2,2,0,PATIENT,45000,45003,612,nao
70.0,0.07,2.0,2,2,0,NORMAL,70000,70003,1356,nao
74.0,0.07,2.0,2,2,0,NORMAL,74000,74003,1431,nao
74.0,0.07,2.0,2,2,0,NOPATIENT,54000,54005,1429,nao
75.0,0.07,2.0,2,2,0,NOPATIENT,22000,22003,577,nao
78.0,0.07,2.0,2,2,0,NORMAL,58000,58004,1131,nao
78.0,0.07,2.0,2,2,0,NORMAL,58000,58004,1133,nao
79.0,0.07,2.0,2,2,0,NORMAL,59000,59003,1153,nao
86.0,0.07,2.0,2,2,0,PATIENT,66000,66002,892,nao
88.0,0.07,2.0,2,2,0,PATIENT,88000,88004,1199,nao
88.0,0.07,2.0,2,2,0,PATIENT,68000,68004,915,nao
89.0,0.07,2.0,2,2,0,NORMAL,69000,69002,1347,nao
91.0,0.07,2.0,2,2,0,NORMAL,71000,71004,1384,nao
91.0,0.07,2.0,2,2,0,NOPATIENT,38000,38004,996,nao
94.0,0.07,2.0,2,2,0,NORMAL,41000,41004,800,nao
